observationID,deploymentID,mediaID,eventID,eventStart,eventEnd,observationLevel,observationType,cameraSetupType,scientificName,count,lifeStage,sex,behavior,individualID,individualPositionRadius,individualPositionAngle,individualSpeed,bboxX,bboxY,bboxWidth,bboxHeight,classificationMethod,classifiedBy,classificationTimestamp,classificationProbability,observationTags,observationComments
6,C01_01_0,8,517540_14,2023-06-22T12:35:00+00:00,2023-06-22T12:35:00+00:00,media,animal,,Bombus,1,,,,,,,,0.3671875,0.328125,0.15625,0.189453125,human,,,,flash:0|flower_species:scacol|focus:clear|scalingFactor:213.0,
8,C01_01_0,14,517540_22,2023-06-23T09:03:00+00:00,2023-06-23T09:03:00+00:00,media,animal,,Bombus,1,,,,,,,,0.3505859375,0.302734375,0.150390625,0.15625,human,,,,flash:0|flower_species:scacol|focus:clear|scalingFactor:213.0,
12,C01_01_0,22,517540_48,2023-06-24T10:46:00+00:00,2023-06-24T10:46:00+00:00,media,animal,,Lepidoptera,1,,,,,,,,0.251953125,0.0908203125,0.3330078125,0.375,human,,,,flash:0|flower_species:scacol|focus:clear|scalingFactor:213.0,
16,C01_01_0,30,517540_65,2023-06-25T04:04:00+00:00,2023-06-25T04:04:00+00:00,media,animal,,Lepidoptera,1,,,,,,,,0.13671875,0.2568359375,0.291015625,0.2587890625,human,,,,flash:1|flower_species:scacol|focus:clear|scalingFactor:213.0,
18,C01_01_0,35,517540_69,2023-06-25T10:08:00+00:00,2023-06-25T10:08:00+00:00,media,animal,,Bombus,1,,,,,,,,0.326171875,0.28125,0.138671875,0.173828125,human,,,,flash:0|flower_species:scacol|focus:clear|scalingFactor:213.0,
23,C01_01_2,76,604132_201,2023-06-20T13:19:00+00:00,2023-06-20T13:19:00+00:00,media,animal,,Bombus,1,,,,,,,,0.8203125,0.62109375,0.1796875,0.2177734375,human,,,,flash:0|flower_species:scacol|focus:clear|scalingFactor:203.5,
24,C01_01_2,48,604132_202,2023-06-20T14:54:00+00:00,2023-06-20T14:54:00+00:00,media,animal,,Anthophila,1,,,,,,,,0.482421875,0.2666015625,0.0810546875,0.1279296875,human,,,,flash:0|flower_species:scacol|focus:clear|scalingFactor:203.5,
25,C01_01_2,52,604132_203,2023-06-20T15:30:00+00:00,2023-06-20T15:30:00+00:00,media,animal,,Syrphidae,1,,,,,,,,0.537109375,0.2666015625,0.056640625,0.0810546875,human,,,,flash:0|flower_species:scacol|focus:clear|scalingFactor:203.5,
26,C01_01_2,44,604132_210,2023-06-21T11:05:00+00:00,2023-06-21T11:05:00+00:00,media,animal,,Lepidoptera,1,,,,,,,,0.1591796875,0.23046875,0.216796875,0.2607421875,human,,,,flash:0|flower_species:scacol|focus:clear|scalingFactor:203.5,
30,C01_01_2,56,604132_226,2023-06-22T15:04:00+00:00,2023-06-22T15:04:00+00:00,media,animal,,Syrphidae,1,,,,,,,,0.4501953125,0.267578125,0.1484375,0.154296875,human,,,,flash:0|flower_species:scacol|focus:clear|scalingFactor:203.5,
33,C01_01_2,61,604132_236,2023-06-23T12:12:00+00:00,2023-06-23T12:12:00+00:00,media,animal,,Anthophila,1,,,,,,,,0.546875,0.38671875,0.173828125,0.216796875,human,,,,flash:0|flower_species:scacol|focus:clear|scalingFactor:203.5,
35,C01_01_2,64,604132_241,2023-06-23T14:12:00+00:00,2023-06-23T14:12:00+00:00,media,animal,,Coleoptera,1,,,,,,,,0.6357421875,0.328125,0.064453125,0.041015625,human,,,,flash:0|flower_species:scacol|focus:clear|scalingFactor:203.5,
44,C01_02_4,78,668654_3485,2023-07-30T17:36:00+00:00,2023-07-30T17:36:00+00:00,media,animal,,Diptera,1,,,,,,,,0.41015625,0.341796875,0.2109375,0.1650390625,human,,,,flash:0|flower_species:scacol|focus:clear|scalingFactor:295.0,
49,C01_02_4,88,668654_3608,2023-08-03T08:37:00+00:00,2023-08-03T08:37:00+00:00,media,animal,,Lepidoptera,1,,,,,,,,0.5498046875,0.4599609375,0.2158203125,0.349609375,human,,,,flash:0|flower_species:scacol|focus:clear|scalingFactor:295.0,
52,C01_02_4,95,668654_3638,2023-08-04T15:11:00+00:00,2023-08-04T15:11:00+00:00,media,animal,,Syrphidae,1,,,,,,,,0.181640625,0.419921875,0.22265625,0.2060546875,human,,,,flash:0|flower_species:scacol|focus:clear|scalingFactor:295.0,
55,C02_01_5,110,574860_0,2023-07-12T10:00:00+00:00,2023-07-12T10:00:00+00:00,media,animal,,Diptera,1,,,,,,,,0.4228515625,0.55859375,0.0673828125,0.0556640625,human,,,,flash:0|flower_species:scacol|focus:acceptable|scalingFactor:253.0,
56,C02_01_5,113,574860_2,2023-07-12T11:11:00+00:00,2023-07-12T11:11:00+00:00,media,animal,,Bombus,1,,,,,,,,0.591796875,0.3837890625,0.171875,0.1611328125,human,,,,flash:0|flower_species:scacol|focus:acceptable|scalingFactor:253.0,
57,C02_01_5,102,574860_14,2023-07-13T13:15:00+00:00,2023-07-13T13:15:00+00:00,media,animal,,Diptera,1,,,,,,,,0.6337890625,0.5693359375,0.078125,0.07421875,human,,,,flash:0|flower_species:scacol|focus:acceptable|scalingFactor:253.0,
63,C04_01_6,117,574873_58,2023-07-25T13:55:00+00:00,2023-07-25T13:55:00+00:00,media,animal,,Diptera,1,,,,,,,,0.767578125,0.341796875,0.173828125,0.203125,human,,,,flash:0|flower_species:scacol|focus:clear|scalingFactor:1.0,
70,C04_01_6,128,574873_145,2023-07-29T19:34:00+00:00,2023-07-29T19:34:00+00:00,media,animal,,Diptera,1,,,,,,,,0.3671875,0.88671875,0.1630859375,0.078125,human,,,,flash:0|flower_species:scacol|focus:clear|scalingFactor:1.0,
73,C05_01_12,136,668656_3660,2023-07-09T19:04:00+00:00,2023-07-09T19:04:00+00:00,media,animal,,Diptera,1,,,,,,,,0.3974609375,0.4794921875,0.046875,0.0400390625,human,,,,flash:0|flower_species:scacol|focus:acceptable|scalingFactor:85.5,
76,C05_01_7,140,904805_10188,2023-07-03T12:50:00+00:00,2023-07-03T12:50:00+00:00,media,animal,,Diptera,1,,,,,,,,0.328125,0.4912109375,0.0791015625,0.0517578125,human,,,,flash:0|flower_species:scacol|focus:acceptable|scalingFactor:177.0,
83,C05_01_9,153,668596_961,2023-07-11T10:15:00+00:00,2023-07-11T10:15:00+00:00,media,animal,,Syrphidae,1,,,,,,,,0.376953125,0.3701171875,0.1279296875,0.1328125,human,,,,flash:0|flower_species:scacol|focus:acceptable|scalingFactor:154.5,
88,C05_01_9,162,668596_976,2023-07-12T14:23:00+00:00,2023-07-12T14:23:00+00:00,media,animal,,Lepidoptera,1,,,,,,,,0.263671875,0.61328125,0.1181640625,0.09375,human,,,,flash:0|flower_species:scacol|focus:acceptable|scalingFactor:154.5,
96,C05_01_9,177,668596_991,2023-07-14T11:20:00+00:00,2023-07-14T11:20:00+00:00,media,animal,,Bombus,1,,,,,,,,0.2138671875,0.5810546875,0.119140625,0.1318359375,human,,,,flash:0|flower_species:scacol|focus:acceptable|scalingFactor:154.5,
106,C08_01_14,179,668598_1041,2023-07-09T11:17:00+00:00,2023-07-09T11:17:00+00:00,media,animal,,Anthophila,1,,,,,,,,0.3359375,0.3466796875,0.1435546875,0.142578125,human,,,,flash:0|flower_species:scacol|focus:acceptable|scalingFactor:309.0,
108,C08_01_14,183,668598_1048,2023-07-10T12:09:00+00:00,2023-07-10T12:09:00+00:00,media,animal,,Lepidoptera,1,,,,,,,,0.3134765625,0.302734375,0.1591796875,0.1357421875,human,,,,flash:0|flower_species:scacol|focus:acceptable|scalingFactor:309.0,
111,C08_01_15,212,908278_10821,2023-07-07T08:48:00+00:00,2023-07-07T08:48:00+00:00,media,animal,,Bombus,1,,,,,,,,0.5234375,0.4912109375,0.1025390625,0.0625,human,,,,flash:0|flower_species:scacol|focus:acceptable|scalingFactor:276.0,
114,C08_01_15,217,908278_10853,2023-07-08T19:13:00+00:00,2023-07-08T19:13:00+00:00,media,animal,,Diptera,1,,,,,,,,0.126953125,0.3857421875,0.162109375,0.1005859375,human,,,,flash:0|flower_species:scacol|focus:acceptable|scalingFactor:276.0,
129,C10_01_19,236,668657_3696,2023-07-08T23:36:00+00:00,2023-07-08T23:36:00+00:00,media,animal,,Lepidoptera,1,,,,,,,,0.396484375,0.1318359375,0.5205078125,0.234375,human,,,,flash:1|flower_species:scacol|focus:clear|scalingFactor:291.5,
130,C10_01_19,238,668657_3699,2023-07-09T06:27:00+00:00,2023-07-09T06:27:00+00:00,media,animal,,Diptera,1,,,,,,,,0.3505859375,0.4052734375,0.1298828125,0.0947265625,human,,,,flash:0|flower_species:scacol|focus:clear|scalingFactor:291.5,
132,C10_01_19,242,668657_3721,2023-07-09T12:33:00+00:00,2023-07-09T12:33:00+00:00,media,animal,,Bombus,1,,,,,,,,0.5595703125,0.240234375,0.2158203125,0.2021484375,human,,,,flash:0|flower_species:scacol|focus:clear|scalingFactor:291.5,
139,C10_01_20,264,668602_1060,2023-07-11T02:54:00+00:00,2023-07-11T02:54:00+00:00,media,animal,,Lepidoptera,1,,,,,,,,0.0791015625,0.7900390625,0.5205078125,0.2099609375,human,,,,flash:1|flower_species:scacol|focus:clear|scalingFactor:311.5,
145,C10_01_20,275,668602_1081,2023-07-14T08:35:00+00:00,2023-07-14T08:35:00+00:00,media,animal,,Syrphidae,1,,,,,,,,0.3505859375,0.2568359375,0.2607421875,0.2158203125,human,,,,flash:0|flower_species:scacol|focus:clear|scalingFactor:311.5,
146,C10_01_20,277,668602_1082,2023-07-14T08:42:00+00:00,2023-07-14T08:42:00+00:00,media,animal,,Diptera,1,,,,,,,,0.4794921875,0.12890625,0.0986328125,0.0908203125,human,,,,flash:0|flower_species:scacol|focus:clear|scalingFactor:311.5,
147,C10_01_20,278,668602_1084,2023-07-14T09:03:00+00:00,2023-07-14T09:03:00+00:00,media,animal,,Bombus,1,,,,,,,,0.453125,0.0,0.1728515625,0.119140625,human,,,,flash:0|flower_species:scacol|focus:clear|scalingFactor:311.5,
149,C10_01_20,282,668602_1089,2023-07-14T14:47:00+00:00,2023-07-14T14:47:00+00:00,media,animal,,Syrphidae,1,,,,,,,,0.30859375,0.2578125,0.1103515625,0.1748046875,human,,,,flash:0|flower_species:scacol|focus:clear|scalingFactor:311.5,
152,C10_01_20,287,668602_1102,2023-07-15T11:10:00+00:00,2023-07-15T11:10:00+00:00,media,animal,,Anthophila,1,,,,,,,,0.455078125,0.212890625,0.1025390625,0.1396484375,human,,,,flash:0|flower_species:scacol|focus:clear|scalingFactor:311.5,
154,C10_01_20,291,668602_1109,2023-07-15T15:18:00+00:00,2023-07-15T15:18:00+00:00,media,animal,,Formicidae,1,,,,,,,,0.341796875,0.2958984375,0.0712890625,0.078125,human,,,,flash:0|flower_species:scacol|focus:clear|scalingFactor:311.5,
165,C11_01_22,302,574947_182,2023-06-24T11:46:00+00:00,2023-06-24T11:46:00+00:00,media,animal,,Anthophila,1,,,,,,,,0.4794921875,0.357421875,0.2197265625,0.220703125,human,,,,flash:0|flower_species:scacol|focus:clear|scalingFactor:254.0,
168,C11_01_22,307,574947_207,2023-06-25T06:25:00+00:00,2023-06-25T06:25:00+00:00,media,animal,,Syrphidae,1,,,,,,,,0.0791015625,0.5703125,0.2451171875,0.333984375,human,,,,flash:0|flower_species:scacol|focus:clear|scalingFactor:254.0,
171,C11_01_22,312,574947_219,2023-06-25T12:43:00+00:00,2023-06-25T12:43:00+00:00,media,animal,,Lepidoptera,1,,,,,,,,0.169921875,0.37109375,0.5380859375,0.318359375,human,,,,flash:0|flower_species:scacol|focus:clear|scalingFactor:254.0,
178,C11_01_22,328,574947_248,2023-06-27T14:27:00+00:00,2023-06-27T14:27:00+00:00,media,animal,,Formicidae,1,,,,,,,,0.404296875,0.5244140625,0.1015625,0.0791015625,human,,,,flash:0|flower_species:scacol|focus:clear|scalingFactor:254.0,
183,C11_01_23,338,958951_3379,2023-06-29T08:31:00+00:00,2023-06-29T08:31:00+00:00,media,animal,,Anthophila,1,,,,,,,,0.375,0.5927734375,0.1728515625,0.11328125,human,,,,flash:0|flower_species:scacol|focus:clear|scalingFactor:192.5,
188,C11_01_23,348,958951_3393,2023-06-29T15:30:00+00:00,2023-06-29T15:30:00+00:00,media,animal,,Coleoptera,1,,,,,,,,0.5263671875,0.43359375,0.04296875,0.046875,human,,,,flash:0|flower_species:scacol|focus:clear|scalingFactor:192.5,
195,C11_01_23,361,958951_3438,2023-07-02T15:14:00+00:00,2023-07-02T15:14:00+00:00,media,animal,,Coleoptera,1,,,,,,,,0.4853515625,0.5576171875,0.0322265625,0.07421875,human,,,,flash:0|flower_species:scacol|focus:clear|scalingFactor:192.5,
197,C11_01_23,365,958951_3442,2023-07-02T17:35:00+00:00,2023-07-02T17:35:00+00:00,media,animal,,Bombus,1,,,,,,,,0.6357421875,0.55859375,0.1201171875,0.107421875,human,,,,flash:0|flower_species:scacol|focus:clear|scalingFactor:192.5,
205,C11_01_24,402,668660_3733,2023-06-29T12:35:00+00:00,2023-06-29T12:35:00+00:00,media,animal,,Coleoptera,1,,,,,,,,0.8056640625,0.5654296875,0.1103515625,0.076171875,human,,,,flash:0|flower_species:scacol|focus:blur|scalingFactor:287.5,
206,C11_01_24,403,668660_3741,2023-06-29T13:42:00+00:00,2023-06-29T13:42:00+00:00,media,animal,,Bombus,1,,,,,,,,0.5849609375,0.22265625,0.2275390625,0.2158203125,human,,,,flash:0|flower_species:scacol|focus:blur|scalingFactor:287.5,
208,C11_01_24,375,668660_3752,2023-06-30T09:15:00+00:00,2023-06-30T09:15:00+00:00,media,animal,,Bombus,1,,,,,,,,0.35546875,0.236328125,0.189453125,0.1826171875,human,,,,flash:0|flower_species:scacol|focus:blur|scalingFactor:287.5,
209,C11_01_24,377,668660_3766,2023-07-01T12:15:00+00:00,2023-07-01T12:15:00+00:00,media,animal,,Coleoptera,1,,,,,,,,0.4970703125,0.2197265625,0.06640625,0.1142578125,human,,,,flash:0|flower_species:scacol|focus:blur|scalingFactor:287.5,
219,C11_01_25,407,1036793_3618,2023-07-01T11:23:00+00:00,2023-07-01T11:23:00+00:00,media,animal,,Anthophila,1,,,,,,,,0.361328125,0.4423828125,0.10546875,0.12109375,human,,,,flash:0|flower_species:scacol|focus:acceptable|scalingFactor:216.5,
229,C11_01_25,423,1036793_3648,2023-07-03T10:35:00+00:00,2023-07-03T10:35:00+00:00,media,animal,,Anthophila,1,,,,,,,,0.0224609375,0.740234375,0.1298828125,0.111328125,human,,,,flash:0|flower_species:scacol|focus:acceptable|scalingFactor:216.5,
240,C13_01_26,438,668606_1192,2023-06-22T12:37:00+00:00,2023-06-22T12:37:00+00:00,media,animal,,Formicidae,1,,,,,,,,0.4296875,0.3974609375,0.060546875,0.060546875,human,,,,flash:0|flower_species:scacol|focus:clear|scalingFactor:512.0,
241,C13_01_26,438,668606_1193,2023-06-22T12:37:00+00:00,2023-06-22T12:37:00+00:00,media,animal,,Formicidae,1,,,,,,,,0.4677734375,0.3740234375,0.1103515625,0.0693359375,human,,,,flash:0|flower_species:scacol|focus:clear|scalingFactor:512.0,
247,C13_01_26,450,668606_1299,2023-06-24T11:30:00+00:00,2023-06-24T11:30:00+00:00,media,animal,,Syrphidae,1,,,,,,,,0.44140625,0.5009765625,0.4228515625,0.3076171875,human,,,,flash:0|flower_species:scacol|focus:clear|scalingFactor:512.0,
271,C14_01_29,479,1036846_3754,2023-08-12T10:55:00+00:00,2023-08-12T10:55:00+00:00,media,animal,,Syrphidae,1,,,,,,,,0.8818359375,0.419921875,0.1162109375,0.0849609375,human,,,,flash:0|flower_species:scacol|focus:blur|scalingFactor:139.5,
278,C14_01_29,493,1036846_3787,2023-08-13T14:25:00+00:00,2023-08-13T14:25:00+00:00,media,animal,,Syrphidae,1,,,,,,,,0.7724609375,0.4619140625,0.1513671875,0.1708984375,human,,,,flash:0|flower_species:scacol|focus:blur|scalingFactor:139.5,
280,C14_01_30,525,668662_3913,2023-08-10T09:42:00+00:00,2023-08-10T09:42:00+00:00,media,animal,,Formicidae,1,,,,,,,,0.8330078125,0.8583984375,0.0830078125,0.05859375,human,,,,flash:0|flower_species:scacol|focus:blur|scalingFactor:1.0,
281,C14_01_30,526,668662_3915,2023-08-10T14:47:00+00:00,2023-08-10T14:47:00+00:00,media,animal,,Syrphidae,1,,,,,,,,0.6142578125,0.591796875,0.150390625,0.1083984375,human,,,,flash:0|flower_species:scacol|focus:blur|scalingFactor:1.0,
292,C16_01_33,555,668607_1621,2023-06-22T12:11:00+00:00,2023-06-22T12:11:00+00:00,media,animal,,Bombus,1,,,,,,,,0.25,0.1708984375,0.337890625,0.3408203125,human,,,,flash:0|flower_species:scacol|focus:acceptable|scalingFactor:368.0,
296,C16_01_33,531,668607_1678,2023-06-24T07:48:00+00:00,2023-06-24T07:48:00+00:00,media,animal,,Syrphidae,1,,,,,,,,0.1533203125,0.005859375,0.2421875,0.330078125,human,,,,flash:0|flower_species:scacol|focus:acceptable|scalingFactor:368.0,
303,C16_01_33,544,668607_1770,2023-06-25T11:52:00+00:00,2023-06-25T11:52:00+00:00,media,animal,,Bombus,1,,,,,,,,0.3994140625,0.3720703125,0.2236328125,0.2080078125,human,,,,flash:0|flower_species:scacol|focus:acceptable|scalingFactor:368.0,
318,C16_02_34,576,908270_10652,2023-07-28T15:12:00+00:00,2023-07-28T15:12:00+00:00,media,animal,,Diptera,1,,,,,,,,0.29296875,0.556640625,0.203125,0.1669921875,human,,,,flash:0|flower_species:scacol|focus:acceptable|scalingFactor:250.0,
327,C16_02_34,596,908270_10786,2023-08-02T15:44:00+00:00,2023-08-02T15:44:00+00:00,media,animal,,Syrphidae,1,,,,,,,,0.6396484375,0.505859375,0.15625,0.1806640625,human,,,,flash:0|flower_species:scacol|focus:acceptable|scalingFactor:250.0,
338,C17_01_37,601,754009_7069,2023-07-12T14:39:00+00:00,2023-07-12T14:39:00+00:00,media,animal,,Formicidae,1,,,,,,,,0.4716796875,0.52734375,0.0322265625,0.0556640625,human,,,,flash:0|flower_species:scacol|focus:acceptable|scalingFactor:193.0,
339,C17_01_37,602,754009_7070,2023-07-12T14:44:00+00:00,2023-07-12T14:44:00+00:00,media,animal,,Bombus,1,,,,,,,,0.501953125,0.3642578125,0.1787109375,0.15625,human,,,,flash:0|flower_species:scacol|focus:acceptable|scalingFactor:193.0,
340,C17_01_37,602,754009_7071,2023-07-12T14:44:00+00:00,2023-07-12T14:44:00+00:00,media,animal,,Bombus,1,,,,,,,,0.5810546875,0.5849609375,0.1162109375,0.1181640625,human,,,,flash:0|flower_species:scacol|focus:acceptable|scalingFactor:193.0,
341,C17_01_37,606,754009_7072,2023-07-13T01:10:00+00:00,2023-07-13T01:10:00+00:00,media,animal,,Lepidoptera,1,,,,,,,,0.796875,0.421875,0.203125,0.21875,human,,,,flash:1|flower_species:scacol|focus:acceptable|scalingFactor:193.0,
351,C17_01_37,626,754009_7151,2023-07-16T10:09:00+00:00,2023-07-16T10:09:00+00:00,media,animal,,Syrphidae,1,,,,,,,,0.5234375,0.0966796875,0.0849609375,0.099609375,human,,,,flash:0|flower_species:scacol|focus:acceptable|scalingFactor:193.0,
353,C17_01_42,633,1039891_3813,2023-07-12T00:11:00+00:00,2023-07-12T00:11:00+00:00,media,animal,,Lepidoptera,1,,,,,,,,0.517578125,0.4814453125,0.25390625,0.23046875,human,,,,flash:1|flower_species:scacol|focus:blur|scalingFactor:249.5,
355,C17_01_42,634,1039891_3827,2023-07-14T07:43:00+00:00,2023-07-14T07:43:00+00:00,media,animal,,Diptera,1,,,,,,,,0.5166015625,0.55859375,0.052734375,0.0390625,human,,,,flash:0|flower_species:scacol|focus:blur|scalingFactor:249.5,
356,C17_01_42,634,1039891_3828,2023-07-14T07:43:00+00:00,2023-07-14T07:43:00+00:00,media,animal,,Diptera,1,,,,,,,,0.498046875,0.6064453125,0.046875,0.03125,human,,,,flash:0|flower_species:scacol|focus:blur|scalingFactor:249.5,
364,C17_01_42,651,1039891_3873,2023-07-17T13:55:00+00:00,2023-07-17T13:55:00+00:00,media,animal,,Syrphidae,1,,,,,,,,0.4033203125,0.30078125,0.2890625,0.1083984375,human,,,,flash:0|flower_species:scacol|focus:blur|scalingFactor:249.5,
368,C18_01_43,664,754839_7549,2023-06-22T11:01:00+00:00,2023-06-22T11:01:00+00:00,media,animal,,Hymenoptera,1,,,,,,,,0.64453125,0.146484375,0.2138671875,0.2685546875,human,,,,flash:0|flower_species:scacol|focus:clear|scalingFactor:313.0,
370,C18_01_43,668,754839_7551,2023-06-22T13:41:00+00:00,2023-06-22T13:41:00+00:00,media,animal,,Bombus,1,,,,,,,,0.6669921875,0.1728515625,0.154296875,0.158203125,human,,,,flash:0|flower_species:scacol|focus:clear|scalingFactor:313.0,
376,C18_01_43,678,754839_7574,2023-06-24T12:19:00+00:00,2023-06-24T12:19:00+00:00,media,animal,,Anthophila,1,,,,,,,,0.5361328125,0.4697265625,0.17578125,0.2021484375,human,,,,flash:0|flower_species:scacol|focus:clear|scalingFactor:313.0,
403,C18_01_44,726,1039908_3962,2023-07-02T18:28:00+00:00,2023-07-02T18:28:00+00:00,media,animal,,Bombus,1,,,,,,,,0.5556640625,0.3291015625,0.1552734375,0.1171875,human,,,,flash:0|flower_species:scacol|focus:blur|scalingFactor:226.0,
407,C18_01_44,706,1039908_4000,2023-07-04T19:39:00+00:00,2023-07-04T19:39:00+00:00,media,animal,,Diptera,1,,,,,,,,0.443359375,0.265625,0.0927734375,0.072265625,human,,,,flash:0|flower_species:scacol|focus:blur|scalingFactor:226.0,
415,C20_01_47,744,827584_8640,2023-07-10T12:47:00+00:00,2023-07-10T12:47:00+00:00,media,animal,,Lepidoptera,1,,,,,,,,0.4619140625,0.2353515625,0.298828125,0.203125,human,,,,flash:0|flower_species:scacol|focus:acceptable|scalingFactor:254.0,
431,C21_01_48,768,953423_1647,2023-06-24T17:41:00+00:00,2023-06-24T17:41:00+00:00,media,animal,,Bombus,1,,,,,,,,0.32421875,0.6240234375,0.4443359375,0.375,human,,,,flash:0|flower_species:scacol|focus:acceptable|scalingFactor:443.0,
433,C21_01_48,772,953423_1660,2023-06-25T10:17:00+00:00,2023-06-25T10:17:00+00:00,media,animal,,Anthophila,1,,,,,,,,0.24609375,0.453125,0.25,0.4052734375,human,,,,flash:0|flower_species:scacol|focus:acceptable|scalingFactor:443.0,
442,C21_01_48,789,953423_1705,2023-06-27T15:26:00+00:00,2023-06-27T15:26:00+00:00,media,animal,,Formicidae,1,,,,,,,,0.5712890625,0.470703125,0.1181640625,0.0869140625,human,,,,flash:0|flower_species:scacol|focus:acceptable|scalingFactor:443.0,
448,C23_01_49,812,887571_9130,2023-06-25T07:59:00+00:00,2023-06-25T07:59:00+00:00,media,animal,,Lepidoptera,1,,,,,,,,0.619140625,0.162109375,0.380859375,0.5185546875,human,,,,flash:0|flower_species:scacol|focus:acceptable|scalingFactor:318.0,
449,C23_01_49,814,887571_9132,2023-06-25T08:31:00+00:00,2023-06-25T08:31:00+00:00,media,animal,,Formicidae,1,,,,,,,,0.4541015625,0.498046875,0.083984375,0.1279296875,human,,,,flash:0|flower_species:scacol|focus:acceptable|scalingFactor:318.0,
458,C23_01_49,829,887571_9200,2023-06-28T13:18:00+00:00,2023-06-28T13:18:00+00:00,media,animal,,Bombus,1,,,,,,,,0.4189453125,0.4931640625,0.216796875,0.2958984375,human,,,,flash:0|flower_species:scacol|focus:acceptable|scalingFactor:318.0,
461,C23_01_49,835,887571_9254,2023-06-28T18:25:00+00:00,2023-06-28T18:25:00+00:00,media,animal,,Diptera,1,,,,,,,,0.4580078125,0.56640625,0.0478515625,0.0771484375,human,,,,flash:0|flower_species:scacol|focus:acceptable|scalingFactor:318.0,
466,C23_01_49,800,887571_9247,2023-07-01T12:52:00+00:00,2023-07-01T12:52:00+00:00,media,animal,,Syrphidae,1,,,,,,,,0.4345703125,0.0,0.251953125,0.2548828125,human,,,,flash:0|flower_species:scacol|focus:acceptable|scalingFactor:318.0,
471,C23_01_50,863,958953_3457,2023-06-26T11:57:00+00:00,2023-06-26T11:57:00+00:00,media,animal,,Bombus,1,,,,,,,,0.294921875,0.7548828125,0.1748046875,0.111328125,human,,,,flash:0|flower_species:scacol|focus:acceptable|scalingFactor:240.5,
473,C23_01_50,867,958953_3466,2023-06-26T14:10:00+00:00,2023-06-26T14:10:00+00:00,media,animal,,Lepidoptera,1,,,,,,,,0.3740234375,0.529296875,0.4189453125,0.4677734375,human,,,,flash:0|flower_species:scacol|focus:acceptable|scalingFactor:240.5,
489,C23_02_51,872,1253082_59,2023-08-02T12:36:00+00:00,2023-08-02T12:36:00+00:00,media,animal,,Syrphidae,1,,,,,,,,0.478515625,0.5283203125,0.25390625,0.2626953125,human,,,,flash:0|flower_species:scacol|focus:blur|scalingFactor:353.5,
490,C23_02_51,872,1253082_60,2023-08-02T12:36:00+00:00,2023-08-02T12:36:00+00:00,media,animal,,Syrphidae,1,,,,,,,,0.328125,0.1806640625,0.2734375,0.2275390625,human,,,,flash:0|flower_species:scacol|focus:blur|scalingFactor:353.5,
491,C23_02_51,873,1253082_61,2023-08-02T12:44:00+00:00,2023-08-02T12:44:00+00:00,media,animal,,Bombus,1,,,,,,,,0.5517578125,0.3486328125,0.3017578125,0.2431640625,human,,,,flash:0|flower_species:scacol|focus:blur|scalingFactor:353.5,
492,C23_02_51,873,1253082_62,2023-08-02T12:44:00+00:00,2023-08-02T12:44:00+00:00,media,animal,,Syrphidae,1,,,,,,,,0.3642578125,0.5390625,0.203125,0.25390625,human,,,,flash:0|flower_species:scacol|focus:blur|scalingFactor:353.5,
499,C23_02_51,883,1253082_142,2023-08-03T15:52:00+00:00,2023-08-03T15:52:00+00:00,media,animal,,Syrphidae,1,,,,,,,,0.27734375,0.478515625,0.181640625,0.2275390625,human,,,,flash:0|flower_species:scacol|focus:blur|scalingFactor:353.5,
506,C24_01_52,898,887566_8979,2023-06-24T11:03:00+00:00,2023-06-24T11:03:00+00:00,media,animal,,Coleoptera,1,,,,,,,,0.36328125,0.16796875,0.2861328125,0.2470703125,human,,,,flash:0|flower_species:scacol|focus:blur|scalingFactor:435.0,
509,C24_01_52,904,887566_8992,2023-06-25T11:26:00+00:00,2023-06-25T11:26:00+00:00,media,animal,,Lepidoptera,1,,,,,,,,0.5400390625,0.0322265625,0.458984375,0.3662109375,human,,,,flash:0|flower_species:scacol|focus:blur|scalingFactor:435.0,
517,C24_01_52,919,887566_9055,2023-06-27T15:22:00+00:00,2023-06-27T15:22:00+00:00,media,animal,,Hymenoptera,1,,,,,,,,0.3798828125,0.451171875,0.2861328125,0.25,human,,,,flash:0|flower_species:scacol|focus:blur|scalingFactor:435.0,
531,C24_01_53,942,953406_1469,2023-06-25T13:47:00+00:00,2023-06-25T13:47:00+00:00,media,animal,,Anthophila,1,,,,,,,,0.1328125,0.609375,0.296875,0.19140625,human,,,,flash:0|flower_species:scacol|focus:blur|scalingFactor:292.0,
534,C24_01_53,947,953406_1479,2023-06-26T06:33:00+00:00,2023-06-26T06:33:00+00:00,media,animal,,Syrphidae,1,,,,,,,,0.712890625,0.6953125,0.203125,0.17578125,human,,,,flash:0|flower_species:scacol|focus:blur|scalingFactor:292.0,
538,C24_01_53,954,953406_1503,2023-06-27T10:17:00+00:00,2023-06-27T10:17:00+00:00,media,animal,,Anthophila,1,,,,,,,,0.587890625,0.3818359375,0.1728515625,0.234375,human,,,,flash:0|flower_species:scacol|focus:blur|scalingFactor:292.0,
543,C24_01_53,964,953406_1552,2023-06-28T15:38:00+00:00,2023-06-28T15:38:00+00:00,media,animal,,Coleoptera,1,,,,,,,,0.15625,0.2646484375,0.275390625,0.1513671875,human,,,,flash:0|flower_species:scacol|focus:blur|scalingFactor:292.0,
553,C24_02_54,984,956426_2857,2023-07-31T12:05:00+00:00,2023-07-31T12:05:00+00:00,media,animal,,Bombus,1,,,,,,,,0.0,0.263671875,0.265625,0.3203125,human,,,,flash:0|flower_species:scacol|focus:acceptable|scalingFactor:309.0,
565,C24_02_55,1008,1253131_264,2023-07-29T11:48:00+00:00,2023-07-29T11:48:00+00:00,media,animal,,Syrphidae,1,,,,,,,,0.6376953125,0.5576171875,0.162109375,0.1904296875,human,,,,flash:0|flower_species:scacol|focus:blur|scalingFactor:264.0,
567,C24_02_55,1010,1253131_285,2023-07-29T14:10:00+00:00,2023-07-29T14:10:00+00:00,media,animal,,Bombus,1,,,,,,,,0.6123046875,0.4755859375,0.234375,0.26171875,human,,,,flash:0|flower_species:scacol|focus:blur|scalingFactor:264.0,
568,C24_02_55,1010,1253131_286,2023-07-29T14:10:00+00:00,2023-07-29T14:10:00+00:00,media,animal,,Syrphidae,1,,,,,,,,0.525390625,0.2470703125,0.24609375,0.2216796875,human,,,,flash:0|flower_species:scacol|focus:blur|scalingFactor:264.0,
576,HE01_01_1,1037,754012_7258,2023-06-20T15:05:00+00:00,2023-06-20T15:05:00+00:00,media,animal,,Bombus,1,,,,,,,,0.2001953125,0.4580078125,0.1982421875,0.1640625,human,,,,flash:0|flower_species:tripra|focus:acceptable|scalingFactor:185.5,
577,HE01_01_1,1026,754012_7260,2023-06-21T21:02:00+00:00,2023-06-21T21:02:00+00:00,media,animal,,Bombus,1,,,,,,,,0.4453125,0.2978515625,0.1923828125,0.1552734375,human,,,,flash:0|flower_species:tripra|focus:acceptable|scalingFactor:185.5,
590,HE01_01_4,1052,953516_2224,2023-06-23T09:29:00+00:00,2023-06-23T09:29:00+00:00,media,animal,,Bombus,1,,,,,,,,0.228515625,0.3525390625,0.173828125,0.171875,human,,,,flash:0|flower_species:tripra|focus:blur|scalingFactor:177.0,
594,HE02_01_10,1059,754114_7276,2023-06-28T00:54:00+00:00,2023-06-28T00:54:00+00:00,media,animal,,Lepidoptera,1,,,,,,,,0.6484375,0.2919921875,0.3076171875,0.2109375,human,,,,flash:1|flower_species:tripra|focus:acceptable|scalingFactor:247.0,
604,HE02_01_10,1073,754114_7325,2023-06-30T16:24:00+00:00,2023-06-30T16:24:00+00:00,media,animal,,Lepidoptera,1,,,,,,,,0.2177734375,0.2275390625,0.37109375,0.36328125,human,,,,flash:0|flower_species:tripra|focus:acceptable|scalingFactor:247.0,
606,HE02_01_10,1076,754114_7315,2023-07-01T12:05:00+00:00,2023-07-01T12:05:00+00:00,media,animal,,Syrphidae,1,,,,,,,,0.724609375,0.6875,0.259765625,0.2158203125,human,,,,flash:0|flower_species:tripra|focus:acceptable|scalingFactor:247.0,
609,HE02_01_10,1082,754114_7318,2023-07-01T23:46:00+00:00,2023-07-01T23:46:00+00:00,media,animal,,Lepidoptera,1,,,,,,,,0.359375,0.1669921875,0.3857421875,0.3525390625,human,,,,flash:1|flower_species:tripra|focus:acceptable|scalingFactor:247.0,
614,HE02_01_7,1090,887637_10017,2023-06-24T13:56:00+00:00,2023-06-24T13:56:00+00:00,media,animal,,Diptera,1,,,,,,,,0.650390625,0.4150390625,0.0947265625,0.0673828125,human,,,,flash:0|flower_species:tripra|focus:blur|scalingFactor:219.0,
616,HE02_01_8,1100,953531_2226,2023-06-20T16:15:00+00:00,2023-06-20T16:15:00+00:00,media,animal,,Syrphidae,1,,,,,,,,0.31640625,0.28125,0.322265625,0.1904296875,human,,,,flash:0|flower_species:tripra|focus:acceptable|scalingFactor:158.0,
629,HE02_02_0,1110,522730_127,2023-07-26T11:39:00+00:00,2023-07-26T11:39:00+00:00,media,animal,,Bombus,1,,,,,,,,0.0,0.5634765625,0.43359375,0.3837890625,human,,,,flash:0|flower_species:sucpra|focus:clear|scalingFactor:597.5,
641,HE03_01_13,1150,802141_7856,2023-07-05T13:38:00+00:00,2023-07-05T13:38:00+00:00,media,animal,,Syrphidae,1,,,,,,,,0.623046875,0.232421875,0.1123046875,0.134765625,human,,,,flash:0|flower_species:tripra|focus:acceptable|scalingFactor:278.5,
642,HE03_01_13,1138,802141_7871,2023-07-06T12:39:00+00:00,2023-07-06T12:39:00+00:00,media,animal,,Bombus,1,,,,,,,,0.80859375,0.1025390625,0.19140625,0.21484375,human,,,,flash:0|flower_species:tripra|focus:acceptable|scalingFactor:278.5,
646,HE03_01_13,1147,802141_7903,2023-07-08T18:41:00+00:00,2023-07-08T18:41:00+00:00,media,animal,,Syrphidae,1,,,,,,,,0.83984375,0.1474609375,0.0380859375,0.091796875,human,,,,flash:0|flower_species:tripra|focus:acceptable|scalingFactor:278.5,
648,HE03_01_13,1133,802141_7941,2023-07-12T14:55:00+00:00,2023-07-12T14:55:00+00:00,media,animal,,Bombus,1,,,,,,,,0.25,0.6650390625,0.1552734375,0.1513671875,human,,,,flash:0|flower_species:tripra|focus:acceptable|scalingFactor:278.5,
658,HE03_01_14,1159,754124_7441,2023-07-08T04:38:00+00:00,2023-07-08T04:38:00+00:00,media,animal,,Lepidoptera,1,,,,,,,,0.3564453125,0.197265625,0.08203125,0.080078125,human,,,,flash:1|flower_species:tripra|focus:acceptable|scalingFactor:223.5,
664,HE03_01_14,1168,754124_7496,2023-07-09T10:39:00+00:00,2023-07-09T10:39:00+00:00,media,animal,,Syrphidae,1,,,,,,,,0.0068359375,0.302734375,0.1923828125,0.1904296875,human,,,,flash:0|flower_species:tripra|focus:acceptable|scalingFactor:223.5,
669,HE03_01_16,1202,953544_2236,2023-07-05T01:24:00+00:00,2023-07-05T01:24:00+00:00,media,animal,,Lepidoptera,1,,,,,,,,0.1015625,0.037109375,0.345703125,0.28125,human,,,,flash:1|flower_species:tripra|focus:blur|scalingFactor:288.0,
670,HE03_01_16,1193,953544_2238,2023-07-05T10:41:00+00:00,2023-07-05T10:41:00+00:00,media,animal,,Bombus,1,,,,,,,,0.083984375,0.3935546875,0.220703125,0.23828125,human,,,,flash:0|flower_species:tripra|focus:blur|scalingFactor:288.0,
683,HE03_01_16,1194,953544_2390,2023-07-09T14:53:00+00:00,2023-07-09T14:53:00+00:00,media,animal,,Diptera,1,,,,,,,,0.65234375,0.3046875,0.142578125,0.1142578125,human,,,,flash:0|flower_species:tripra|focus:blur|scalingFactor:288.0,
685,HE03_01_16,1198,953544_2416,2023-07-10T13:13:00+00:00,2023-07-10T13:13:00+00:00,media,animal,,Syrphidae,1,,,,,,,,0.611328125,0.4326171875,0.0869140625,0.0712890625,human,,,,flash:0|flower_species:tripra|focus:blur|scalingFactor:288.0,
688,HE03_01_19,1208,953557_2481,2023-07-21T10:53:00+00:00,2023-07-21T10:53:00+00:00,media,animal,,Diptera,1,,,,,,,,0.6865234375,0.5947265625,0.1025390625,0.0712890625,human,,,,flash:0|flower_species:tripra|focus:blur|scalingFactor:1.0,
695,HE03_01_20,1218,958966_3599,2023-07-23T18:38:00+00:00,2023-07-23T18:38:00+00:00,media,animal,,Bombus,1,,,,,,,,0.6357421875,0.345703125,0.1640625,0.18359375,human,,,,flash:0|flower_species:tripra|focus:blur|scalingFactor:226.0,
701,HE03_01_22,1231,1040301_4012,2023-07-23T09:36:00+00:00,2023-07-23T09:36:00+00:00,media,animal,,Bombus,1,,,,,,,,0.2763671875,0.4462890625,0.248046875,0.244140625,human,,,,flash:0|flower_species:tripra|focus:blur|scalingFactor:304.0,
707,HE03_01_22,1242,1040301_4032,2023-07-24T20:26:00+00:00,2023-07-24T20:26:00+00:00,media,animal,,Diptera,1,,,,,,,,0.82421875,0.4638671875,0.083984375,0.0634765625,human,,,,flash:0|flower_species:tripra|focus:blur|scalingFactor:304.0,
708,HE03_02_1,1249,574962_250,2023-08-31T08:23:00+00:00,2023-08-31T08:23:00+00:00,media,animal,,Bombus,1,,,,,,,,0.43359375,0.0283203125,0.2548828125,0.3408203125,human,,,,flash:0|flower_species:sucpra|focus:clear|scalingFactor:358.0,
710,HE03_02_1,1263,574962_255,2023-08-31T14:26:00+00:00,2023-08-31T14:26:00+00:00,media,animal,,Diptera,1,,,,,,,,0.5546875,0.212890625,0.2294921875,0.2080078125,human,,,,flash:0|flower_species:sucpra|focus:clear|scalingFactor:358.0,
711,HE03_02_1,1275,574962_258,2023-08-31T16:07:00+00:00,2023-08-31T16:07:00+00:00,media,animal,,Bombus,1,,,,,,,,0.298828125,0.2919921875,0.3447265625,0.3544921875,human,,,,flash:0|flower_species:sucpra|focus:clear|scalingFactor:358.0,
720,HE03_02_1,1260,574962_410,2023-09-05T16:27:00+00:00,2023-09-05T16:27:00+00:00,media,animal,,Syrphidae,1,,,,,,,,0.2802734375,0.29296875,0.296875,0.3056640625,human,,,,flash:0|flower_species:sucpra|focus:clear|scalingFactor:358.0,
721,HE03_02_1,1260,574962_411,2023-09-05T16:27:00+00:00,2023-09-05T16:27:00+00:00,media,animal,,Bombus,1,,,,,,,,0.5380859375,0.08984375,0.3076171875,0.2490234375,human,,,,flash:0|flower_species:sucpra|focus:clear|scalingFactor:358.0,
729,HE03_02_1,1272,574962_489,2023-09-06T16:55:00+00:00,2023-09-06T16:55:00+00:00,media,animal,,Lepidoptera,1,,,,,,,,0.16015625,0.0,0.708984375,0.853515625,human,,,,flash:0|flower_species:sucpra|focus:clear|scalingFactor:358.0,
731,HE03_02_1,1277,574962_502,2023-09-06T17:46:00+00:00,2023-09-06T17:46:00+00:00,media,animal,,Formicidae,1,,,,,,,,0.494140625,0.4560546875,0.0751953125,0.0869140625,human,,,,flash:0|flower_species:sucpra|focus:clear|scalingFactor:358.0,
733,HE03_02_1,1281,574962_507,2023-09-06T18:47:00+00:00,2023-09-06T18:47:00+00:00,media,animal,,Bombus,1,,,,,,,,0.1572265625,0.4033203125,0.32421875,0.2744140625,human,,,,flash:0|flower_species:sucpra|focus:clear|scalingFactor:358.0,
736,HE04_01_24,1297,827679_8777,2023-06-20T06:06:00+00:00,2023-06-20T06:06:00+00:00,media,animal,,Diptera,1,,,,,,,,0.400390625,0.73828125,0.0771484375,0.0908203125,human,,,,flash:0|flower_species:tripra|focus:acceptable|scalingFactor:249.0,
743,HE04_01_24,1301,827679_8795,2023-06-23T17:45:00+00:00,2023-06-23T17:45:00+00:00,media,animal,,Diptera,1,,,,,,,,0.5693359375,0.634765625,0.119140625,0.064453125,human,,,,flash:0|flower_species:tripra|focus:acceptable|scalingFactor:249.0,
747,HE04_01_24,1283,827679_8808,2023-06-27T15:15:00+00:00,2023-06-27T15:15:00+00:00,media,animal,,Formicidae,1,,,,,,,,0.3017578125,0.4482421875,0.056640625,0.076171875,human,,,,flash:0|flower_species:tripra|focus:acceptable|scalingFactor:249.0,
748,HE04_01_24,1285,827679_8812,2023-06-27T19:28:00+00:00,2023-06-27T19:28:00+00:00,media,animal,,Diptera,1,,,,,,,,0.62109375,0.751953125,0.1416015625,0.0869140625,human,,,,flash:0|flower_species:tripra|focus:acceptable|scalingFactor:249.0,
758,HE04_02_20,1313,608875_312,2023-08-06T17:31:00+00:00,2023-08-06T17:31:00+00:00,media,animal,,Diptera,1,,,,,,,,0.4140625,0.134765625,0.083984375,0.1884765625,human,,,,flash:0|flower_species:sucpra|focus:acceptable|scalingFactor:372.0,
759,HE04_02_20,1313,608875_313,2023-08-06T17:31:00+00:00,2023-08-06T17:31:00+00:00,media,animal,,Syrphidae,1,,,,,,,,0.37890625,0.7958984375,0.1298828125,0.2041015625,human,,,,flash:0|flower_species:sucpra|focus:acceptable|scalingFactor:372.0,
760,HE04_02_20,1321,608875_329,2023-08-08T05:04:00+00:00,2023-08-08T05:04:00+00:00,media,animal,,Coleoptera,1,,,,,,,,0.4287109375,0.7080078125,0.1396484375,0.130859375,human,,,,flash:1|flower_species:sucpra|focus:acceptable|scalingFactor:372.0,
764,HE04_02_20,1333,608875_388,2023-08-11T09:36:00+00:00,2023-08-11T09:36:00+00:00,media,animal,,Bombus,1,,,,,,,,0.5126953125,0.708984375,0.1982421875,0.14453125,human,,,,flash:0|flower_species:sucpra|focus:acceptable|scalingFactor:372.0,
766,HE04_02_20,1336,608875_425,2023-08-11T16:03:00+00:00,2023-08-11T16:03:00+00:00,media,animal,,Lepidoptera,1,,,,,,,,0.322265625,0.5791015625,0.1484375,0.0537109375,human,,,,flash:0|flower_species:sucpra|focus:acceptable|scalingFactor:372.0,
775,HE04_02_20,1319,608875_506,2023-08-13T18:18:00+00:00,2023-08-13T18:18:00+00:00,media,animal,,Syrphidae,1,,,,,,,,0.21484375,0.4443359375,0.1220703125,0.1259765625,human,,,,flash:0|flower_species:sucpra|focus:acceptable|scalingFactor:372.0,
780,HE04_02_3,1342,574988_576,2023-07-28T12:48:00+00:00,2023-07-28T12:48:00+00:00,media,animal,,Syrphidae,1,,,,,,,,0.1162109375,0.26171875,0.1806640625,0.18359375,human,,,,flash:0|flower_species:sucpra|focus:clear|scalingFactor:381.5,
785,HE04_02_3,1347,574988_621,2023-07-29T11:24:00+00:00,2023-07-29T11:24:00+00:00,media,animal,,Diptera,1,,,,,,,,0.45703125,0.353515625,0.1611328125,0.171875,human,,,,flash:0|flower_species:sucpra|focus:clear|scalingFactor:381.5,
786,HE04_02_3,1347,574988_622,2023-07-29T11:24:00+00:00,2023-07-29T11:24:00+00:00,media,animal,,Bombus,1,,,,,,,,0.36328125,0.5810546875,0.17578125,0.158203125,human,,,,flash:0|flower_species:sucpra|focus:clear|scalingFactor:381.5,
788,HE04_02_3,1353,574988_691,2023-07-31T09:34:00+00:00,2023-07-31T09:34:00+00:00,media,animal,,Syrphidae,1,,,,,,,,0.3662109375,0.5966796875,0.220703125,0.1796875,human,,,,flash:0|flower_species:sucpra|focus:clear|scalingFactor:381.5,
789,HE04_02_3,1354,574988_699,2023-07-31T10:18:00+00:00,2023-07-31T10:18:00+00:00,media,animal,,Syrphidae,1,,,,,,,,0.2744140625,0.5595703125,0.1796875,0.189453125,human,,,,flash:0|flower_species:sucpra|focus:clear|scalingFactor:381.5,
790,HE04_02_3,1354,574988_700,2023-07-31T10:18:00+00:00,2023-07-31T10:18:00+00:00,media,animal,,Bombus,1,,,,,,,,0.5908203125,0.4267578125,0.173828125,0.1904296875,human,,,,flash:0|flower_species:sucpra|focus:clear|scalingFactor:381.5,
792,HE04_02_3,1358,574988_726,2023-07-31T12:26:00+00:00,2023-07-31T12:26:00+00:00,media,animal,,Anthophila,1,,,,,,,,0.5712890625,0.337890625,0.111328125,0.0751953125,human,,,,flash:0|flower_species:sucpra|focus:clear|scalingFactor:381.5,
793,HE04_02_3,1361,574988_747,2023-07-31T16:46:00+00:00,2023-07-31T16:46:00+00:00,media,animal,,Syrphidae,1,,,,,,,,0.6962890625,0.34765625,0.123046875,0.1083984375,human,,,,flash:0|flower_species:sucpra|focus:clear|scalingFactor:381.5,
797,HE04_02_3,1371,574988_883,2023-08-02T13:33:00+00:00,2023-08-02T13:33:00+00:00,media,animal,,Lepidoptera,1,,,,,,,,0.3916015625,0.0,0.134765625,0.1943359375,human,,,,flash:0|flower_species:sucpra|focus:clear|scalingFactor:381.5,
804,HE05_01_25,1386,796644_7742,2023-07-05T11:53:00+00:00,2023-07-05T11:53:00+00:00,media,animal,,Diptera,1,,,,,,,,0.42578125,0.6318359375,0.0673828125,0.078125,human,,,,flash:0|flower_species:tripra|focus:acceptable|scalingFactor:287.0,
805,HE05_01_25,1388,796644_7743,2023-07-05T13:05:00+00:00,2023-07-05T13:05:00+00:00,media,animal,,Bombus,1,,,,,,,,0.5068359375,0.55078125,0.24609375,0.2802734375,human,,,,flash:0|flower_species:tripra|focus:acceptable|scalingFactor:287.0,
807,HE05_01_25,1381,796644_7762,2023-07-07T11:37:00+00:00,2023-07-07T11:37:00+00:00,media,animal,,Bombus,1,,,,,,,,0.4013671875,0.4599609375,0.26953125,0.2744140625,human,,,,flash:0|flower_species:tripra|focus:acceptable|scalingFactor:287.0,
820,HE06_01_30,1416,887643_10019,2023-07-05T00:42:00+00:00,2023-07-05T00:42:00+00:00,media,animal,,Lepidoptera,1,,,,,,,,0.2919921875,0.705078125,0.3359375,0.287109375,human,,,,flash:1|flower_species:tripra|focus:acceptable|scalingFactor:275.0,
830,HE06_01_30,1426,887643_10164,2023-07-09T22:22:00+00:00,2023-07-09T22:22:00+00:00,media,animal,,Bombus,1,,,,,,,,0.1669921875,0.283203125,0.2001953125,0.2177734375,human,,,,flash:0|flower_species:tripra|focus:acceptable|scalingFactor:275.0,
832,HE06_01_31,1450,953565_2499,2023-07-06T10:32:00+00:00,2023-07-06T10:32:00+00:00,media,animal,,Bombus,1,,,,,,,,0.654296875,0.8369140625,0.19921875,0.1591796875,human,,,,flash:0|flower_species:tripra|focus:acceptable|scalingFactor:248.5,
838,HE06_01_31,1434,953565_2618,2023-07-08T14:29:00+00:00,2023-07-08T14:29:00+00:00,media,animal,,Syrphidae,1,,,,,,,,0.2861328125,0.521484375,0.1279296875,0.1083984375,human,,,,flash:0|flower_species:tripra|focus:acceptable|scalingFactor:248.5,
839,HE06_01_31,1436,953565_2626,2023-07-08T16:06:00+00:00,2023-07-08T16:06:00+00:00,media,animal,,Syrphidae,1,,,,,,,,0.4853515625,0.72265625,0.154296875,0.23046875,human,,,,flash:0|flower_species:tripra|focus:acceptable|scalingFactor:248.5,
840,HE06_01_31,1438,953565_2637,2023-07-08T18:44:00+00:00,2023-07-08T18:44:00+00:00,media,animal,,Bombus,1,,,,,,,,0.171875,0.4560546875,0.1875,0.189453125,human,,,,flash:0|flower_species:tripra|focus:acceptable|scalingFactor:248.5,
846,HE06_01_31,1452,953565_2722,2023-07-11T00:03:00+00:00,2023-07-11T00:03:00+00:00,media,animal,,Lepidoptera,1,,,,,,,,0.0,0.3017578125,0.298828125,0.3515625,human,,,,flash:1|flower_species:tripra|focus:acceptable|scalingFactor:248.5,
852,HE07_01_32,1459,908416_10990,2023-07-06T10:00:00+00:00,2023-07-06T10:00:00+00:00,media,animal,,Syrphidae,1,,,,,,,,0.5146484375,0.375,0.166015625,0.08203125,human,,,,flash:0|flower_species:tripra|focus:blur|scalingFactor:233.5,
854,HE07_01_32,1462,908416_11044,2023-07-07T15:48:00+00:00,2023-07-07T15:48:00+00:00,media,animal,,Syrphidae,1,,,,,,,,0.154296875,0.1611328125,0.2060546875,0.16796875,human,,,,flash:0|flower_species:tripra|focus:blur|scalingFactor:233.5,
856,HE07_01_32,1466,908416_11150,2023-07-08T13:19:00+00:00,2023-07-08T13:19:00+00:00,media,animal,,Diptera,1,,,,,,,,0.5,0.40234375,0.06640625,0.0751953125,human,,,,flash:0|flower_species:tripra|focus:blur|scalingFactor:233.5,
857,HE07_01_32,1469,908416_11173,2023-07-08T15:44:00+00:00,2023-07-08T15:44:00+00:00,media,animal,,Syrphidae,1,,,,,,,,0.7548828125,0.39453125,0.052734375,0.0703125,human,,,,flash:0|flower_species:tripra|focus:blur|scalingFactor:233.5,
860,HE07_01_32,1474,908416_11257,2023-07-09T19:25:00+00:00,2023-07-09T19:25:00+00:00,media,animal,,Bombus,1,,,,,,,,0.5390625,0.8173828125,0.134765625,0.1826171875,human,,,,flash:0|flower_species:tripra|focus:blur|scalingFactor:233.5,
862,HE07_01_36,1483,904837_10555,2023-07-10T13:12:00+00:00,2023-07-10T13:12:00+00:00,media,animal,,Diptera,1,,,,,,,,0.3828125,0.5869140625,0.0771484375,0.052734375,human,,,,flash:0|flower_species:tripra|focus:blur|scalingFactor:203.0,
863,HE07_01_36,1479,904837_10613,2023-07-23T09:11:00+00:00,2023-07-23T09:11:00+00:00,media,animal,,Bombus,1,,,,,,,,0.2373046875,0.5654296875,0.111328125,0.169921875,human,,,,flash:0|flower_species:tripra|focus:blur|scalingFactor:203.0,
870,HE07_02_21,1491,668610_1907,2023-09-01T14:48:00+00:00,2023-09-01T14:48:00+00:00,media,animal,,Diptera,1,,,,,,,,0.474609375,0.32421875,0.1416015625,0.1044921875,human,,,,flash:0|flower_species:sucpra|focus:clear|scalingFactor:269.0,
875,HE07_02_21,1501,668610_1923,2023-09-04T15:12:00+00:00,2023-09-04T15:12:00+00:00,media,animal,,Diptera,1,,,,,,,,0.4501953125,0.373046875,0.1044921875,0.1064453125,human,,,,flash:0|flower_species:sucpra|focus:clear|scalingFactor:269.0,
882,HE07_02_5,1517,668670_3993,2023-09-17T13:07:00+00:00,2023-09-17T13:07:00+00:00,media,animal,,Syrphidae,1,,,,,,,,0.4267578125,0.37890625,0.1845703125,0.134765625,human,,,,flash:0|flower_species:sucpra|focus:blur|scalingFactor:277.5,
883,HE07_02_5,1517,668670_3994,2023-09-17T13:07:00+00:00,2023-09-17T13:07:00+00:00,media,animal,,Syrphidae,1,,,,,,,,0.66015625,0.412109375,0.169921875,0.171875,human,,,,flash:0|flower_species:sucpra|focus:blur|scalingFactor:277.5,
897,HE07_02_5,1509,668670_4082,2023-09-20T19:21:00+00:00,2023-09-20T19:21:00+00:00,media,animal,,Lepidoptera,1,,,,,,,,0.025390625,0.2998046875,0.232421875,0.263671875,human,,,,flash:1|flower_species:sucpra|focus:blur|scalingFactor:277.5,
901,HE08_01_38,1536,802151_7973,2023-07-07T07:53:00+00:00,2023-07-07T07:53:00+00:00,media,animal,,Bombus,1,,,,,,,,0.09375,0.677734375,0.1376953125,0.115234375,human,,,,flash:0|flower_species:tripra|focus:blur|scalingFactor:259.0,
906,HE08_01_39,1549,908461_1136,2023-07-06T07:51:00+00:00,2023-07-06T07:51:00+00:00,media,animal,,Diptera,1,,,,,,,,0.4150390625,0.3740234375,0.0869140625,0.0810546875,human,,,,flash:0|flower_species:tripra|focus:blur|scalingFactor:292.0,
910,HE08_01_39,1557,908461_1171,2023-07-09T18:24:00+00:00,2023-07-09T18:24:00+00:00,media,animal,,Bombus,1,,,,,,,,0.8056640625,0.181640625,0.1943359375,0.15234375,human,,,,flash:0|flower_species:tripra|focus:blur|scalingFactor:292.0,
924,HE09_01_41,1577,908465_1196,2023-06-23T17:53:00+00:00,2023-06-23T17:53:00+00:00,media,animal,,Bombus,1,,,,,,,,0.7578125,0.61328125,0.1435546875,0.1171875,human,,,,flash:0|flower_species:tripra|focus:acceptable|scalingFactor:173.0,
939,HE09_01_43,1605,1040322_4042,2023-06-27T17:55:00+00:00,2023-06-27T17:55:00+00:00,media,animal,,Diptera,1,,,,,,,,0.44921875,0.50390625,0.072265625,0.0771484375,human,,,,flash:0|flower_species:tripra|focus:blur|scalingFactor:241.5,
940,HE09_01_43,1607,1040322_4044,2023-06-29T13:40:00+00:00,2023-06-29T13:40:00+00:00,media,animal,,Bombus,1,,,,,,,,0.478515625,0.4599609375,0.1640625,0.205078125,human,,,,flash:0|flower_species:tripra|focus:blur|scalingFactor:241.5,
950,HE09_02_8,1615,754849_7686,2023-08-06T23:13:00+00:00,2023-08-06T23:13:00+00:00,media,animal,,Lepidoptera,1,,,,,,,,0.177734375,0.3603515625,0.6875,0.623046875,human,,,,flash:1|flower_species:sucpra|focus:blur|scalingFactor:335.5,
954,HE09_02_8,1624,754849_7714,2023-08-10T14:45:00+00:00,2023-08-10T14:45:00+00:00,media,animal,,Bombus,1,,,,,,,,0.2568359375,0.033203125,0.310546875,0.3251953125,human,,,,flash:0|flower_species:sucpra|focus:blur|scalingFactor:335.5,
956,HE09_02_9,1637,668612_1933,2023-08-10T12:13:00+00:00,2023-08-10T12:13:00+00:00,media,animal,,Diptera,1,,,,,,,,0.3798828125,0.4375,0.1064453125,0.0810546875,human,,,,flash:0|flower_species:sucpra|focus:blur|scalingFactor:497.0,
960,HE09_02_9,1642,668612_1955,2023-08-11T04:52:00+00:00,2023-08-11T04:52:00+00:00,media,animal,,Lepidoptera,1,,,,,,,,0.6298828125,0.52734375,0.34375,0.2548828125,human,,,,flash:1|flower_species:sucpra|focus:blur|scalingFactor:497.0,
969,HE10_01_45,1656,908473_1213,2023-06-20T17:47:00+00:00,2023-06-20T17:47:00+00:00,media,animal,,Syrphidae,1,,,,,,,,0.8076171875,0.3994140625,0.1357421875,0.1103515625,human,,,,flash:0|flower_species:tripra|focus:clear|scalingFactor:466.0,
971,HE10_01_45,1659,908473_1217,2023-06-22T12:12:00+00:00,2023-06-22T12:12:00+00:00,media,animal,,Bombus,1,,,,,,,,0.0,0.3154296875,0.2529296875,0.1865234375,human,,,,flash:0|flower_species:tripra|focus:clear|scalingFactor:466.0,
972,HE10_01_45,1660,908473_1218,2023-06-23T17:29:00+00:00,2023-06-23T17:29:00+00:00,media,animal,,Syrphidae,1,,,,,,,,0.126953125,0.697265625,0.21875,0.1875,human,,,,flash:0|flower_species:tripra|focus:clear|scalingFactor:466.0,
974,HE10_01_45,1664,908473_1222,2023-06-25T22:59:00+00:00,2023-06-25T22:59:00+00:00,media,animal,,Bombus,1,,,,,,,,0.228515625,0.4052734375,0.271484375,0.185546875,human,,,,flash:1|flower_species:tripra|focus:clear|scalingFactor:466.0,
976,HE10_02_10,1676,668675_4089,2023-07-24T10:52:00+00:00,2023-07-24T10:52:00+00:00,media,animal,,Coleoptera,1,,,,,,,,0.423828125,0.5322265625,0.0390625,0.048828125,human,,,,flash:0|flower_species:sucpra|focus:clear|scalingFactor:370.5,
979,HE10_02_10,1682,668675_4094,2023-07-24T12:29:00+00:00,2023-07-24T12:29:00+00:00,media,animal,,Diptera,1,,,,,,,,0.2197265625,0.3896484375,0.1552734375,0.1171875,human,,,,flash:0|flower_species:sucpra|focus:clear|scalingFactor:370.5,
980,HE10_02_10,1677,668675_4142,2023-07-25T15:28:00+00:00,2023-07-25T15:28:00+00:00,media,animal,,Bombus,1,,,,,,,,0.470703125,0.5537109375,0.18359375,0.1298828125,human,,,,flash:0|flower_species:sucpra|focus:clear|scalingFactor:370.5,
981,HE10_02_10,1677,668675_4143,2023-07-25T15:28:00+00:00,2023-07-25T15:28:00+00:00,media,animal,,Diptera,1,,,,,,,,0.37890625,0.1875,0.181640625,0.130859375,human,,,,flash:0|flower_species:sucpra|focus:clear|scalingFactor:370.5,
982,HE10_02_10,1683,668675_4175,2023-07-26T10:27:00+00:00,2023-07-26T10:27:00+00:00,media,animal,,Syrphidae,1,,,,,,,,0.6728515625,0.455078125,0.12109375,0.1416015625,human,,,,flash:0|flower_species:sucpra|focus:clear|scalingFactor:370.5,
985,HE10_02_10,1687,668675_4215,2023-07-26T15:43:00+00:00,2023-07-26T15:43:00+00:00,media,animal,,Diptera,1,,,,,,,,0.2529296875,0.400390625,0.037109375,0.0927734375,human,,,,flash:0|flower_species:sucpra|focus:clear|scalingFactor:370.5,
989,HE10_02_10,1692,668675_4387,2023-07-28T12:55:00+00:00,2023-07-28T12:55:00+00:00,media,animal,,Bombus,1,,,,,,,,0.333984375,0.171875,0.2861328125,0.2001953125,human,,,,flash:0|flower_species:sucpra|focus:clear|scalingFactor:370.5,
998,HE10_02_10,1665,668675_4581,2023-07-31T11:20:00+00:00,2023-07-31T11:20:00+00:00,media,animal,,Bombus,1,,,,,,,,0.6845703125,0.6572265625,0.232421875,0.3359375,human,,,,flash:0|flower_species:sucpra|focus:clear|scalingFactor:370.5,
1002,HE10_02_10,1671,668675_4620,2023-08-01T23:31:00+00:00,2023-08-01T23:31:00+00:00,media,animal,,Lepidoptera,1,,,,,,,,0.5205078125,0.248046875,0.2578125,0.169921875,human,,,,flash:1|flower_species:sucpra|focus:clear|scalingFactor:370.5,
1003,HE10_02_10,1671,668675_4621,2023-08-01T23:31:00+00:00,2023-08-01T23:31:00+00:00,media,animal,,Coleoptera,1,,,,,,,,0.5771484375,0.6123046875,0.09375,0.0615234375,human,,,,flash:1|flower_species:sucpra|focus:clear|scalingFactor:370.5,
1006,HE10_02_11,1737,887617_9443,2023-07-30T10:29:00+00:00,2023-07-30T10:29:00+00:00,media,animal,,Bombus,1,,,,,,,,0.4541015625,0.2744140625,0.19921875,0.2275390625,human,,,,flash:0|flower_species:sucpra|focus:clear|scalingFactor:374.5,
1019,HE10_02_11,1724,887617_9609,2023-08-02T05:25:00+00:00,2023-08-02T05:25:00+00:00,media,animal,,Coleoptera,1,,,,,,,,0.4072265625,0.8916015625,0.126953125,0.0634765625,human,,,,flash:1|flower_species:sucpra|focus:clear|scalingFactor:374.5,
1022,HE10_02_11,1726,887617_9622,2023-08-02T09:11:00+00:00,2023-08-02T09:11:00+00:00,media,animal,,Lepidoptera,1,,,,,,,,0.060546875,0.3427734375,0.79296875,0.275390625,human,,,,flash:0|flower_species:sucpra|focus:clear|scalingFactor:374.5,
1025,HE10_02_11,1728,887617_9657,2023-08-02T10:39:00+00:00,2023-08-02T10:39:00+00:00,media,animal,,Diptera,1,,,,,,,,0.56640625,0.5859375,0.0986328125,0.1474609375,human,,,,flash:0|flower_species:sucpra|focus:clear|scalingFactor:374.5,
1026,HE10_02_11,1728,887617_9658,2023-08-02T10:39:00+00:00,2023-08-02T10:39:00+00:00,media,animal,,Diptera,1,,,,,,,,0.3994140625,0.533203125,0.162109375,0.1083984375,human,,,,flash:0|flower_species:sucpra|focus:clear|scalingFactor:374.5,
1029,HE10_02_11,1734,887617_9714,2023-08-02T14:39:00+00:00,2023-08-02T14:39:00+00:00,media,animal,,Diptera,1,,,,,,,,0.533203125,0.63671875,0.2099609375,0.189453125,human,,,,flash:0|flower_species:sucpra|focus:clear|scalingFactor:374.5,
1033,HE10_02_11,1741,887617_9865,2023-08-04T11:45:00+00:00,2023-08-04T11:45:00+00:00,media,animal,,Bombus,1,,,,,,,,0.4658203125,0.3525390625,0.2734375,0.2109375,human,,,,flash:0|flower_species:sucpra|focus:clear|scalingFactor:374.5,
1036,HE10_02_11,1705,887617_9982,2023-08-06T15:43:00+00:00,2023-08-06T15:43:00+00:00,media,animal,,Syrphidae,1,,,,,,,,0.1640625,0.4921875,0.3642578125,0.2734375,human,,,,flash:0|flower_species:sucpra|focus:clear|scalingFactor:374.5,
1039,HE10_02_11,1708,887617_9995,2023-08-06T19:34:00+00:00,2023-08-06T19:34:00+00:00,media,animal,,Bombus,1,,,,,,,,0.5009765625,0.638671875,0.19921875,0.25390625,human,,,,flash:0|flower_species:sucpra|focus:clear|scalingFactor:374.5,
1044,HE11_02_12,1761,668678_4677,2023-09-09T10:04:00+00:00,2023-09-09T10:04:00+00:00,media,animal,,Syrphidae,1,,,,,,,,0.16015625,0.4521484375,0.130859375,0.107421875,human,,,,flash:0|flower_species:sucpra|focus:acceptable|scalingFactor:280.0,
1045,HE11_02_12,1762,668678_4678,2023-09-09T10:33:00+00:00,2023-09-09T10:33:00+00:00,media,animal,,Syrphidae,1,,,,,,,,0.0,0.611328125,0.1640625,0.1748046875,human,,,,flash:0|flower_species:sucpra|focus:acceptable|scalingFactor:280.0,
1047,HE11_02_12,1756,668678_4774,2023-09-12T10:41:00+00:00,2023-09-12T10:41:00+00:00,media,animal,,Diptera,1,,,,,,,,0.662109375,0.3955078125,0.1259765625,0.0537109375,human,,,,flash:0|flower_species:sucpra|focus:acceptable|scalingFactor:280.0,
1048,HE11_02_12,1757,668678_4779,2023-09-12T12:57:00+00:00,2023-09-12T12:57:00+00:00,media,animal,,Bombus,1,,,,,,,,0.51953125,0.2705078125,0.16015625,0.1494140625,human,,,,flash:0|flower_species:sucpra|focus:acceptable|scalingFactor:280.0,
1049,HE11_02_12,1757,668678_4780,2023-09-12T12:57:00+00:00,2023-09-12T12:57:00+00:00,media,animal,,Diptera,1,,,,,,,,0.41796875,0.4013671875,0.0927734375,0.0712890625,human,,,,flash:0|flower_species:sucpra|focus:acceptable|scalingFactor:280.0,
1050,HE11_02_12,1757,668678_5380,2023-09-12T12:57:00+00:00,2023-09-12T12:57:00+00:00,media,animal,,Syrphidae,1,,,,,,,,0.5615234375,0.5654296875,0.1591796875,0.1474609375,human,,,,flash:0|flower_species:sucpra|focus:acceptable|scalingFactor:280.0,
1051,HE11_02_12,1763,668678_4863,2023-09-13T13:11:00+00:00,2023-09-13T13:11:00+00:00,media,animal,,Bombus,1,,,,,,,,0.5498046875,0.26171875,0.12109375,0.1416015625,human,,,,flash:0|flower_species:sucpra|focus:acceptable|scalingFactor:280.0,
1052,HE11_02_12,1763,668678_4864,2023-09-13T13:11:00+00:00,2023-09-13T13:11:00+00:00,media,animal,,Syrphidae,1,,,,,,,,0.5341796875,0.435546875,0.1865234375,0.119140625,human,,,,flash:0|flower_species:sucpra|focus:acceptable|scalingFactor:280.0,
1059,HE11_02_12,1747,668678_5246,2023-09-17T17:45:00+00:00,2023-09-17T17:45:00+00:00,media,animal,,Syrphidae,1,,,,,,,,0.4306640625,0.560546875,0.1640625,0.150390625,human,,,,flash:0|flower_species:sucpra|focus:acceptable|scalingFactor:280.0,
1063,HE11_02_22,1771,668614_2042,2023-08-31T03:16:00+00:00,2023-08-31T03:16:00+00:00,media,animal,,Lepidoptera,1,,,,,,,,0.056640625,0.3154296875,0.3408203125,0.240234375,human,,,,flash:1|flower_species:sucpra|focus:blur|scalingFactor:300.0,
1072,HE11_02_22,1780,668614_2243,2023-09-04T12:56:00+00:00,2023-09-04T12:56:00+00:00,media,animal,,Diptera,1,,,,,,,,0.12109375,0.3408203125,0.1083984375,0.08203125,human,,,,flash:0|flower_species:sucpra|focus:blur|scalingFactor:300.0,
1075,HE11_02_22,1786,668614_2353,2023-09-05T21:08:00+00:00,2023-09-05T21:08:00+00:00,media,animal,,Lepidoptera,1,,,,,,,,0.265625,0.4345703125,0.3076171875,0.283203125,human,,,,flash:1|flower_species:sucpra|focus:blur|scalingFactor:300.0,
1076,HE11_02_22,1789,668614_2382,2023-09-06T13:38:00+00:00,2023-09-06T13:38:00+00:00,media,animal,,Syrphidae,1,,,,,,,,0.0,0.3349609375,0.1357421875,0.1494140625,human,,,,flash:0|flower_species:sucpra|focus:blur|scalingFactor:300.0,
1077,HE11_02_22,1764,668614_2440,2023-09-07T12:24:00+00:00,2023-09-07T12:24:00+00:00,media,animal,,Syrphidae,1,,,,,,,,0.0986328125,0.271484375,0.0810546875,0.13671875,human,,,,flash:0|flower_species:sucpra|focus:blur|scalingFactor:300.0,
1082,HE12_01_46,1802,802169_8056,2023-07-05T07:49:00+00:00,2023-07-05T07:49:00+00:00,media,animal,,Diptera,1,,,,,,,,0.6826171875,0.4150390625,0.076171875,0.0966796875,human,,,,flash:0|flower_species:tripra|focus:clear|scalingFactor:328.0,
1102,HE12_01_47,1817,908478_1317,2023-07-09T15:22:00+00:00,2023-07-09T15:22:00+00:00,media,animal,,Bombus,1,,,,,,,,0.001953125,0.734375,0.2763671875,0.26171875,human,,,,flash:0|flower_species:tripra|focus:acceptable|scalingFactor:285.0,
1104,HE12_01_47,1821,908478_1371,2023-07-11T23:32:00+00:00,2023-07-11T23:32:00+00:00,media,animal,,Diptera,1,,,,,,,,0.259765625,0.2490234375,0.0634765625,0.1123046875,human,,,,flash:1|flower_species:tripra|focus:acceptable|scalingFactor:285.0,
1112,HE12_01_49,1839,956465_3331,2023-07-14T14:03:00+00:00,2023-07-14T14:03:00+00:00,media,animal,,Lepidoptera,1,,,,,,,,0.2568359375,0.255859375,0.3212890625,0.158203125,human,,,,flash:0|flower_species:tripra|focus:acceptable|scalingFactor:312.0,
1122,HE12_02_13,1879,668681_5418,2023-09-06T09:49:00+00:00,2023-09-06T09:49:00+00:00,media,animal,,Syrphidae,1,,,,,,,,0.0009765625,0.734375,0.2705078125,0.1796875,human,,,,flash:0|flower_species:sucpra|focus:blur|scalingFactor:478.0,
1123,HE12_02_13,1881,668681_5420,2023-09-06T10:35:00+00:00,2023-09-06T10:35:00+00:00,media,animal,,Bombus,1,,,,,,,,0.0,0.1669921875,0.3603515625,0.369140625,human,,,,flash:0|flower_species:sucpra|focus:blur|scalingFactor:478.0,
1139,HE12_02_13,1873,668681_5689,2023-09-08T16:21:00+00:00,2023-09-08T16:21:00+00:00,media,animal,,Lepidoptera,1,,,,,,,,0.0,0.0947265625,0.865234375,0.9052734375,human,,,,flash:0|flower_species:sucpra|focus:blur|scalingFactor:478.0,
1141,HE12_02_13,1875,668681_5786,2023-09-09T14:31:00+00:00,2023-09-09T14:31:00+00:00,media,animal,,Lepidoptera,1,,,,,,,,0.0,0.0205078125,0.3935546875,0.978515625,human,,,,flash:0|flower_species:sucpra|focus:blur|scalingFactor:478.0,
1158,HE12_02_25,1895,887602_9332,2023-09-10T16:26:00+00:00,2023-09-10T16:26:00+00:00,media,animal,,Bombus,1,,,,,,,,0.2900390625,0.0048828125,0.232421875,0.19921875,human,,,,flash:0|flower_species:sucpra|focus:blur|scalingFactor:383.0,
1166,HE13_01_54,1931,802174_8323,2023-07-05T12:12:00+00:00,2023-07-05T12:12:00+00:00,media,animal,,Bombus,1,,,,,,,,0.5322265625,0.056640625,0.255859375,0.224609375,human,,,,flash:0|flower_species:tripra|focus:acceptable|scalingFactor:275.0,
1170,HE13_01_54,1920,802174_8360,2023-07-08T08:45:00+00:00,2023-07-08T08:45:00+00:00,media,animal,,Diptera,1,,,,,,,,0.498046875,0.6865234375,0.09765625,0.1337890625,human,,,,flash:0|flower_species:tripra|focus:acceptable|scalingFactor:275.0,
1174,HE13_01_54,1930,802174_8382,2023-07-09T17:27:00+00:00,2023-07-09T17:27:00+00:00,media,animal,,Bombus,1,,,,,,,,0.7001953125,0.7080078125,0.2138671875,0.1494140625,human,,,,flash:0|flower_species:tripra|focus:acceptable|scalingFactor:275.0,
1177,HE13_01_55,1936,908483_1375,2023-07-07T05:28:00+00:00,2023-07-07T05:28:00+00:00,media,animal,,Bombus,1,,,,,,,,0.52734375,0.07421875,0.1826171875,0.2421875,human,,,,flash:0|flower_species:tripra|focus:acceptable|scalingFactor:356.0,
1195,HE13_01_57,1968,1251083_4161,2023-07-08T10:36:00+00:00,2023-07-08T10:36:00+00:00,media,animal,,Diptera,1,,,,,,,,0.4970703125,0.33203125,0.1298828125,0.107421875,human,,,,flash:0|flower_species:tripra|focus:clear|scalingFactor:297.0,
1197,HE13_01_57,1974,1251083_4180,2023-07-09T10:54:00+00:00,2023-07-09T10:54:00+00:00,media,animal,,Bombus,1,,,,,,,,0.3134765625,0.447265625,0.25390625,0.2255859375,human,,,,flash:0|flower_species:tripra|focus:clear|scalingFactor:297.0,
1201,HE15_01_60,1982,802178_8395,2023-06-25T19:16:00+00:00,2023-06-25T19:16:00+00:00,media,animal,,Syrphidae,1,,,,,,,,0.2666015625,0.4931640625,0.1142578125,0.1123046875,human,,,,flash:0|flower_species:tripra|focus:blur|scalingFactor:198.5,
1203,HE15_01_62,1986,908489_1406,2023-06-20T19:42:00+00:00,2023-06-20T19:42:00+00:00,media,animal,,Bombus,1,,,,,,,,0.7880859375,0.2265625,0.205078125,0.13671875,human,,,,flash:0|flower_species:tripra|focus:acceptable|scalingFactor:175.0,
1205,HE15_02_14,1993,904816_10209,2023-07-24T09:52:00+00:00,2023-07-24T09:52:00+00:00,media,animal,,Diptera,1,,,,,,,,0.529296875,0.15625,0.1103515625,0.125,human,,,,flash:0|flower_species:sucpra|focus:clear|scalingFactor:517.5,
1208,HE15_02_14,1990,904816_10241,2023-07-26T12:28:00+00:00,2023-07-26T12:28:00+00:00,media,animal,,Syrphidae,1,,,,,,,,0.3623046875,0.80859375,0.1962890625,0.177734375,human,,,,flash:0|flower_species:sucpra|focus:clear|scalingFactor:517.5,
1209,HE15_02_14,1991,904816_10266,2023-07-27T11:19:00+00:00,2023-07-27T11:19:00+00:00,media,animal,,Bombus,1,,,,,,,,0.2529296875,0.1455078125,0.2802734375,0.275390625,human,,,,flash:0|flower_species:sucpra|focus:clear|scalingFactor:517.5,
1210,HE15_02_14,1991,904816_10267,2023-07-27T11:19:00+00:00,2023-07-27T11:19:00+00:00,media,animal,,Diptera,1,,,,,,,,0.1689453125,0.4150390625,0.134765625,0.234375,human,,,,flash:0|flower_species:sucpra|focus:clear|scalingFactor:517.5,
1225,HE15_02_14,2015,904816_10551,2023-07-29T20:47:00+00:00,2023-07-29T20:47:00+00:00,media,animal,,Diptera,1,,,,,,,,0.2685546875,0.4716796875,0.1240234375,0.0810546875,human,,,,flash:0|flower_species:sucpra|focus:clear|scalingFactor:517.5,
1226,HE15_02_14,2017,904816_10552,2023-07-29T23:47:00+00:00,2023-07-29T23:47:00+00:00,media,animal,,Lepidoptera,1,,,,,,,,0.0,0.4140625,0.19140625,0.5107421875,human,,,,flash:1|flower_species:sucpra|focus:clear|scalingFactor:517.5,
1229,HE17_01_66,2034,802180_8411,2023-07-05T10:46:00+00:00,2023-07-05T10:46:00+00:00,media,animal,,Bombus,1,,,,,,,,0.6884765625,0.3896484375,0.1220703125,0.1513671875,human,,,,flash:0|flower_species:tripra|focus:acceptable|scalingFactor:269.0,
1231,HE17_01_66,2022,802180_8498,2023-07-07T17:54:00+00:00,2023-07-07T17:54:00+00:00,media,animal,,Bombus,1,,,,,,,,0.470703125,0.2080078125,0.1591796875,0.193359375,human,,,,flash:0|flower_species:tripra|focus:acceptable|scalingFactor:269.0,
1235,HE17_01_66,2028,802180_8537,2023-07-08T15:54:00+00:00,2023-07-08T15:54:00+00:00,media,animal,,Syrphidae,1,,,,,,,,0.8193359375,0.2861328125,0.0966796875,0.1416015625,human,,,,flash:0|flower_species:tripra|focus:acceptable|scalingFactor:269.0,
1238,HE17_01_66,2038,802180_8570,2023-07-10T12:29:00+00:00,2023-07-10T12:29:00+00:00,media,animal,,Syrphidae,1,,,,,,,,0.4140625,0.2451171875,0.12890625,0.1376953125,human,,,,flash:0|flower_species:tripra|focus:acceptable|scalingFactor:269.0,
1239,HE17_01_66,2042,802180_8588,2023-07-11T22:23:00+00:00,2023-07-11T22:23:00+00:00,media,animal,,Lepidoptera,1,,,,,,,,0.345703125,0.0048828125,0.2763671875,0.369140625,human,,,,flash:1|flower_species:tripra|focus:acceptable|scalingFactor:269.0,
1246,HE17_02_15,2052,668685_5933,2023-09-07T04:32:00+00:00,2023-09-07T04:32:00+00:00,media,animal,,Lepidoptera,1,,,,,,,,0.689453125,0.4755859375,0.23046875,0.2421875,human,,,,flash:1|flower_species:sucpra|focus:clear|scalingFactor:230.0,
1252,HE17_02_15,2056,668685_6028,2023-09-07T17:29:00+00:00,2023-09-07T17:29:00+00:00,media,animal,,Syrphidae,1,,,,,,,,0.4931640625,0.4814453125,0.15234375,0.1494140625,human,,,,flash:0|flower_species:sucpra|focus:clear|scalingFactor:230.0,
1253,HE17_02_15,2056,668685_6029,2023-09-07T17:29:00+00:00,2023-09-07T17:29:00+00:00,media,animal,,Syrphidae,1,,,,,,,,0.6767578125,0.4716796875,0.14453125,0.2001953125,human,,,,flash:0|flower_species:sucpra|focus:clear|scalingFactor:230.0,
1254,HE17_02_15,2058,668685_6039,2023-09-07T18:59:00+00:00,2023-09-07T18:59:00+00:00,media,animal,,Syrphidae,1,,,,,,,,0.533203125,0.490234375,0.1767578125,0.181640625,human,,,,flash:0|flower_species:sucpra|focus:clear|scalingFactor:230.0,
1255,HE17_02_15,2060,668685_6043,2023-09-08T05:24:00+00:00,2023-09-08T05:24:00+00:00,media,animal,,Lepidoptera,1,,,,,,,,0.53125,0.623046875,0.4345703125,0.3662109375,human,,,,flash:1|flower_species:sucpra|focus:clear|scalingFactor:230.0,
1257,HE17_02_15,2064,668685_6052,2023-09-08T10:22:00+00:00,2023-09-08T10:22:00+00:00,media,animal,,Diptera,1,,,,,,,,0.5048828125,0.4775390625,0.14453125,0.125,human,,,,flash:0|flower_species:sucpra|focus:clear|scalingFactor:230.0,
1272,HE17_02_27,2085,908389_744,2023-09-08T12:22:00+00:00,2023-09-08T12:22:00+00:00,media,animal,,Syrphidae,1,,,,,,,,0.4892578125,0.73046875,0.177734375,0.1650390625,human,,,,flash:0|flower_species:sucpra|focus:clear|scalingFactor:335.0,
1273,HE17_02_27,2085,908389_745,2023-09-08T12:22:00+00:00,2023-09-08T12:22:00+00:00,media,animal,,Diptera,1,,,,,,,,0.4619140625,0.5751953125,0.11328125,0.1201171875,human,,,,flash:0|flower_species:sucpra|focus:clear|scalingFactor:335.0,
1277,HE17_02_27,2088,908389_807,2023-09-08T14:43:00+00:00,2023-09-08T14:43:00+00:00,media,animal,,Syrphidae,1,,,,,,,,0.19921875,0.203125,0.224609375,0.130859375,human,,,,flash:0|flower_species:sucpra|focus:clear|scalingFactor:335.0,
1278,HE17_02_27,2090,908389_812,2023-09-08T15:18:00+00:00,2023-09-08T15:18:00+00:00,media,animal,,Lepidoptera,1,,,,,,,,0.228515625,0.21875,0.4931640625,0.5166015625,human,,,,flash:0|flower_species:sucpra|focus:clear|scalingFactor:335.0,
1279,HE17_02_27,2091,908389_869,2023-09-09T11:38:00+00:00,2023-09-09T11:38:00+00:00,media,animal,,Syrphidae,1,,,,,,,,0.201171875,0.3994140625,0.21484375,0.166015625,human,,,,flash:0|flower_species:sucpra|focus:clear|scalingFactor:335.0,
1280,HE17_02_27,2091,908389_870,2023-09-09T11:38:00+00:00,2023-09-09T11:38:00+00:00,media,animal,,Syrphidae,1,,,,,,,,0.193359375,0.125,0.13671875,0.185546875,human,,,,flash:0|flower_species:sucpra|focus:clear|scalingFactor:335.0,
1281,HE17_02_27,2091,908389_871,2023-09-09T11:38:00+00:00,2023-09-09T11:38:00+00:00,media,animal,,Syrphidae,1,,,,,,,,0.51953125,0.4658203125,0.1787109375,0.16796875,human,,,,flash:0|flower_species:sucpra|focus:clear|scalingFactor:335.0,
1283,HE17_02_27,2095,908389_930,2023-09-09T15:01:00+00:00,2023-09-09T15:01:00+00:00,media,animal,,Diptera,1,,,,,,,,0.251953125,0.4833984375,0.10546875,0.1171875,human,,,,flash:0|flower_species:sucpra|focus:clear|scalingFactor:335.0,
1298,HE17_02_30,2122,668692_6363,2023-09-04T21:14:00+00:00,2023-09-04T21:14:00+00:00,media,animal,,Lepidoptera,1,,,,,,,,0.705078125,0.419921875,0.134765625,0.3173828125,human,,,,flash:1|flower_species:sucpra|focus:clear|scalingFactor:215.0,
1314,HE19_01_68,2155,802140_7808,2023-07-05T15:58:00+00:00,2023-07-05T15:58:00+00:00,media,animal,,Lepidoptera,1,,,,,,,,0.3662109375,0.0,0.2333984375,0.2890625,human,,,,flash:0|flower_species:tripra|focus:blur|scalingFactor:451.5,
1316,HE19_01_68,2137,802140_7821,2023-07-07T13:35:00+00:00,2023-07-07T13:35:00+00:00,media,animal,,Diptera,1,,,,,,,,0.6328125,0.533203125,0.095703125,0.078125,human,,,,flash:0|flower_species:tripra|focus:blur|scalingFactor:451.5,
1317,HE19_01_68,2139,802140_7826,2023-07-07T17:40:00+00:00,2023-07-07T17:40:00+00:00,media,animal,,Bombus,1,,,,,,,,0.642578125,0.3505859375,0.357421875,0.3017578125,human,,,,flash:0|flower_species:tripra|focus:blur|scalingFactor:451.5,
1325,HE20_01_69,2162,803843_513,2023-06-21T16:33:00+00:00,2023-06-21T16:33:00+00:00,media,animal,,Syrphidae,1,,,,,,,,0.0830078125,0.2734375,0.1005859375,0.0625,human,,,,flash:0|flower_species:tripra|focus:acceptable|scalingFactor:154.5,
1329,HE20_01_69,2169,803843_517,2023-06-23T14:04:00+00:00,2023-06-23T14:04:00+00:00,media,animal,,Bombus,1,,,,,,,,0.2919921875,0.45703125,0.126953125,0.1455078125,human,,,,flash:0|flower_species:tripra|focus:acceptable|scalingFactor:154.5,
1331,HE20_01_69,2171,803843_519,2023-06-24T21:27:00+00:00,2023-06-24T21:27:00+00:00,media,animal,,Syrphidae,1,,,,,,,,0.3740234375,0.4873046875,0.111328125,0.0869140625,human,,,,flash:0|flower_species:tripra|focus:acceptable|scalingFactor:154.5,
1332,HE20_01_69,2173,803843_520,2023-06-26T06:56:00+00:00,2023-06-26T06:56:00+00:00,media,animal,,Diptera,1,,,,,,,,0.193359375,0.2958984375,0.0693359375,0.0673828125,human,,,,flash:0|flower_species:tripra|focus:acceptable|scalingFactor:154.5,
1335,HE20_01_72,2174,908498_1416,2023-06-20T09:31:00+00:00,2023-06-20T09:31:00+00:00,media,animal,,Bombus,1,,,,,,,,0.076171875,0.296875,0.20703125,0.2255859375,human,,,,flash:0|flower_species:tripra|focus:acceptable|scalingFactor:248.0,
1339,HE20_01_72,2183,908498_1428,2023-06-21T12:54:00+00:00,2023-06-21T12:54:00+00:00,media,animal,,Bombus,1,,,,,,,,0.3310546875,0.0,0.248046875,0.1455078125,human,,,,flash:0|flower_species:tripra|focus:acceptable|scalingFactor:248.0,
1342,HE20_01_72,2190,908498_1436,2023-06-23T13:55:00+00:00,2023-06-23T13:55:00+00:00,media,animal,,Syrphidae,1,,,,,,,,0.2861328125,0.35546875,0.255859375,0.236328125,human,,,,flash:0|flower_species:tripra|focus:acceptable|scalingFactor:248.0,
1351,HE20_02_31,2212,908378_71,2023-07-29T21:06:00+00:00,2023-07-29T21:06:00+00:00,media,animal,,Formicidae,1,,,,,,,,0.4501953125,0.4267578125,0.0869140625,0.0703125,human,,,,flash:0|flower_species:sucpra|focus:clear|scalingFactor:393.0,
1353,HE20_02_31,2215,908378_92,2023-07-30T17:41:00+00:00,2023-07-30T17:41:00+00:00,media,animal,,Diptera,1,,,,,,,,0.3681640625,0.3115234375,0.1220703125,0.1240234375,human,,,,flash:0|flower_species:sucpra|focus:clear|scalingFactor:393.0,
1354,HE20_02_31,2215,908378_93,2023-07-30T17:41:00+00:00,2023-07-30T17:41:00+00:00,media,animal,,Diptera,1,,,,,,,,0.4677734375,0.162109375,0.1708984375,0.11328125,human,,,,flash:0|flower_species:sucpra|focus:clear|scalingFactor:393.0,
1355,HE20_02_31,2216,908378_202,2023-07-31T20:11:00+00:00,2023-07-31T20:11:00+00:00,media,animal,,Bombus,1,,,,,,,,0.7412109375,0.091796875,0.2119140625,0.2919921875,human,,,,flash:0|flower_species:sucpra|focus:clear|scalingFactor:393.0,
1358,HE20_02_31,2223,908378_279,2023-08-01T13:48:00+00:00,2023-08-01T13:48:00+00:00,media,animal,,Diptera,1,,,,,,,,0.5810546875,0.318359375,0.234375,0.1513671875,human,,,,flash:0|flower_species:sucpra|focus:clear|scalingFactor:393.0,
1361,HE20_02_31,2227,908378_318,2023-08-01T18:21:00+00:00,2023-08-01T18:21:00+00:00,media,animal,,Syrphidae,1,,,,,,,,0.4150390625,0.015625,0.0830078125,0.1904296875,human,,,,flash:0|flower_species:sucpra|focus:clear|scalingFactor:393.0,
1372,HE20_02_31,2198,908378_602,2023-08-05T23:57:00+00:00,2023-08-05T23:57:00+00:00,media,animal,,Lepidoptera,1,,,,,,,,0.3017578125,0.00390625,0.447265625,0.15234375,human,,,,flash:1|flower_species:sucpra|focus:clear|scalingFactor:393.0,
1388,HE21_02_16,2259,668621_2507,2023-09-05T14:22:00+00:00,2023-09-05T14:22:00+00:00,media,animal,,Syrphidae,1,,,,,,,,0.4609375,0.6357421875,0.26953125,0.1962890625,human,,,,flash:0|flower_species:sucpra|focus:clear|scalingFactor:377.0,
1389,HE21_02_16,2259,668621_2508,2023-09-05T14:22:00+00:00,2023-09-05T14:22:00+00:00,media,animal,,Syrphidae,1,,,,,,,,0.76171875,0.357421875,0.162109375,0.2216796875,human,,,,flash:0|flower_species:sucpra|focus:clear|scalingFactor:377.0,
1396,HE21_02_16,2265,668621_2546,2023-09-06T13:36:00+00:00,2023-09-06T13:36:00+00:00,media,animal,,Diptera,1,,,,,,,,0.126953125,0.8837890625,0.1337890625,0.095703125,human,,,,flash:0|flower_species:sucpra|focus:clear|scalingFactor:377.0,
1400,HE21_02_16,2271,668621_2596,2023-09-07T15:45:00+00:00,2023-09-07T15:45:00+00:00,media,animal,,Bombus,1,,,,,,,,0.513671875,0.6357421875,0.2333984375,0.1923828125,human,,,,flash:0|flower_species:sucpra|focus:clear|scalingFactor:377.0,
1409,HE21_02_33,2278,575014_913,2023-09-05T12:39:00+00:00,2023-09-05T12:39:00+00:00,media,animal,,Syrphidae,1,,,,,,,,0.572265625,0.3662109375,0.1201171875,0.1005859375,human,,,,flash:0|flower_species:sucpra|focus:blur|scalingFactor:242.0,
1410,HE21_02_33,2279,575014_917,2023-09-05T13:31:00+00:00,2023-09-05T13:31:00+00:00,media,animal,,Syrphidae,1,,,,,,,,0.7568359375,0.349609375,0.205078125,0.3076171875,human,,,,flash:0|flower_species:sucpra|focus:blur|scalingFactor:242.0,
1418,HE21_02_33,2293,575014_952,2023-09-07T16:15:00+00:00,2023-09-07T16:15:00+00:00,media,animal,,Bombus,1,,,,,,,,0.333984375,0.314453125,0.1943359375,0.1962890625,human,,,,flash:0|flower_species:sucpra|focus:blur|scalingFactor:242.0,
1420,HE21_02_33,2296,575014_956,2023-09-08T12:37:00+00:00,2023-09-08T12:37:00+00:00,media,animal,,Diptera,1,,,,,,,,0.3408203125,0.396484375,0.0791015625,0.1298828125,human,,,,flash:0|flower_species:sucpra|focus:blur|scalingFactor:242.0,
1422,HE22_01_83,2300,835061_8851,2023-06-23T09:58:00+00:00,2023-06-23T09:58:00+00:00,media,animal,,Bombus,1,,,,,,,,0.2861328125,0.3037109375,0.267578125,0.23046875,human,,,,flash:0|flower_species:tripra|focus:acceptable|scalingFactor:255.0,
1425,HE22_02_19,2317,668624_2681,2023-07-24T09:17:00+00:00,2023-07-24T09:17:00+00:00,media,animal,,Bombus,1,,,,,,,,0.0,0.0,0.3203125,0.3046875,human,,,,flash:0|flower_species:sucpra|focus:clear|scalingFactor:566.0,
1429,HE22_02_19,2323,668624_2746,2023-07-24T14:35:00+00:00,2023-07-24T14:35:00+00:00,media,animal,,Anthophila,1,,,,,,,,0.26171875,0.3662109375,0.150390625,0.080078125,human,,,,flash:0|flower_species:sucpra|focus:clear|scalingFactor:566.0,
1430,HE22_02_19,2315,668624_2783,2023-07-25T13:16:00+00:00,2023-07-25T13:16:00+00:00,media,animal,,Bombus,1,,,,,,,,0.0654296875,0.9345703125,0.1083984375,0.0654296875,human,,,,flash:0|flower_species:sucpra|focus:clear|scalingFactor:566.0,
1431,HE22_02_19,2315,668624_2784,2023-07-25T13:16:00+00:00,2023-07-25T13:16:00+00:00,media,animal,,Bombus,1,,,,,,,,0.26953125,0.94140625,0.1962890625,0.05859375,human,,,,flash:0|flower_species:sucpra|focus:clear|scalingFactor:566.0,
1446,HE22_02_19,2305,668624_3209,2023-07-31T10:50:00+00:00,2023-07-31T10:50:00+00:00,media,animal,,Syrphidae,1,,,,,,,,0.5625,0.76171875,0.2265625,0.1806640625,human,,,,flash:0|flower_species:sucpra|focus:clear|scalingFactor:566.0,
1448,HE22_02_19,2309,668624_3221,2023-07-31T13:25:00+00:00,2023-07-31T13:25:00+00:00,media,animal,,Syrphidae,1,,,,,,,,0.19921875,0.2412109375,0.2470703125,0.38671875,human,,,,flash:0|flower_species:sucpra|focus:clear|scalingFactor:566.0,
1460,HE23_01_86,2362,908457_1096,2023-07-05T14:28:00+00:00,2023-07-05T14:28:00+00:00,media,animal,,Bombus,1,,,,,,,,0.671875,0.5283203125,0.1259765625,0.1142578125,human,,,,flash:0|flower_species:tripra|focus:blur|scalingFactor:228.5,
1466,HE23_01_86,2360,908457_1132,2023-07-09T14:49:00+00:00,2023-07-09T14:49:00+00:00,media,animal,,Bombus,1,,,,,,,,0.2685546875,0.68359375,0.16015625,0.2119140625,human,,,,flash:0|flower_species:tripra|focus:blur|scalingFactor:228.5,
1471,HE23_02_17,2374,668628_3252,2023-08-28T10:01:00+00:00,2023-08-28T10:01:00+00:00,media,animal,,Bombus,1,,,,,,,,0.0,0.3447265625,0.4091796875,0.505859375,human,,,,flash:0|flower_species:sucpra|focus:clear|scalingFactor:468.5,
1476,HE23_02_17,2378,668628_3288,2023-08-29T13:03:00+00:00,2023-08-29T13:03:00+00:00,media,animal,,Syrphidae,1,,,,,,,,0.515625,0.0,0.4189453125,0.1552734375,human,,,,flash:0|flower_species:sucpra|focus:clear|scalingFactor:468.5,
1478,HE23_02_17,2389,668628_3335,2023-09-01T13:47:00+00:00,2023-09-01T13:47:00+00:00,media,animal,,Bombus,1,,,,,,,,0.2607421875,0.578125,0.3427734375,0.3056640625,human,,,,flash:0|flower_species:sucpra|focus:clear|scalingFactor:468.5,
1500,HE24_01_90,2413,953483_2029,2023-07-08T08:17:00+00:00,2023-07-08T08:17:00+00:00,media,animal,,Diptera,1,,,,,,,,0.8486328125,0.669921875,0.1044921875,0.0908203125,human,,,,flash:0|flower_species:tripra|focus:acceptable|scalingFactor:242.5,
1503,HE24_01_95,2423,953496_2198,2023-07-10T08:26:00+00:00,2023-07-10T08:26:00+00:00,media,animal,,Diptera,1,,,,,,,,0.890625,0.685546875,0.0478515625,0.072265625,human,,,,flash:0|flower_species:tripra|focus:acceptable|scalingFactor:1.0,
1520,HE24_02_18,2441,754005_7000,2023-09-08T13:16:00+00:00,2023-09-08T13:16:00+00:00,media,animal,,Syrphidae,1,,,,,,,,0.29296875,0.7119140625,0.1318359375,0.1376953125,human,,,,flash:0|flower_species:sucpra|focus:acceptable|scalingFactor:317.0,
1521,HE24_02_18,2441,754005_7001,2023-09-08T13:16:00+00:00,2023-09-08T13:16:00+00:00,media,animal,,Syrphidae,1,,,,,,,,0.5888671875,0.0,0.0849609375,0.0576171875,human,,,,flash:0|flower_species:sucpra|focus:acceptable|scalingFactor:317.0,
1526,HE24_02_18,2445,754005_6691,2023-09-08T15:04:00+00:00,2023-09-08T15:04:00+00:00,media,animal,,Syrphidae,1,,,,,,,,0.333984375,0.4169921875,0.2041015625,0.1904296875,human,,,,flash:0|flower_species:sucpra|focus:acceptable|scalingFactor:317.0,
1533,HE24_02_18,2456,754005_6821,2023-09-09T14:49:00+00:00,2023-09-09T14:49:00+00:00,media,animal,,Syrphidae,1,,,,,,,,0.328125,0.1328125,0.2060546875,0.240234375,human,,,,flash:0|flower_species:sucpra|focus:acceptable|scalingFactor:317.0,
1534,HE24_02_18,2456,754005_6822,2023-09-09T14:49:00+00:00,2023-09-09T14:49:00+00:00,media,animal,,Lepidoptera,1,,,,,,,,0.4404296875,0.001953125,0.2734375,0.2314453125,human,,,,flash:0|flower_species:sucpra|focus:acceptable|scalingFactor:317.0,
1537,HE24_02_18,2465,754005_6902,2023-09-12T05:07:00+00:00,2023-09-12T05:07:00+00:00,media,animal,,Lepidoptera,1,,,,,,,,0.0400390625,0.6064453125,0.521484375,0.3154296875,human,,,,flash:1|flower_species:sucpra|focus:acceptable|scalingFactor:317.0,
1540,HE24_02_35,2484,953459_1771,2023-08-31T00:37:00+00:00,2023-08-31T00:37:00+00:00,media,animal,,Lepidoptera,1,,,,,,,,0.0,0.505859375,0.234375,0.30859375,human,,,,flash:1|flower_species:sucpra|focus:acceptable|scalingFactor:355.0,
1542,HE24_02_35,2490,953459_1776,2023-08-31T10:06:00+00:00,2023-08-31T10:06:00+00:00,media,animal,,Syrphidae,1,,,,,,,,0.3310546875,0.6298828125,0.25,0.2001953125,human,,,,flash:0|flower_species:sucpra|focus:acceptable|scalingFactor:355.0,
1553,HE24_02_35,2482,953459_1869,2023-09-02T16:52:00+00:00,2023-09-02T16:52:00+00:00,media,animal,,Bombus,1,,,,,,,,0.267578125,0.3203125,0.240234375,0.3115234375,human,,,,flash:0|flower_species:sucpra|focus:acceptable|scalingFactor:355.0,
1563,HE24_02_38,2510,956439_3048,2023-09-17T11:34:00+00:00,2023-09-17T11:34:00+00:00,media,animal,,Diptera,1,,,,,,,,0.521484375,0.353515625,0.0732421875,0.0361328125,human,,,,flash:0|flower_species:sucpra|focus:acceptable|scalingFactor:254.0,
1564,HE24_02_38,2511,956439_3055,2023-09-17T12:27:00+00:00,2023-09-17T12:27:00+00:00,media,animal,,Lepidoptera,1,,,,,,,,0.2333984375,0.32421875,0.3642578125,0.32421875,human,,,,flash:0|flower_species:sucpra|focus:acceptable|scalingFactor:254.0,
1566,HE24_02_38,2514,956439_3093,2023-09-17T17:45:00+00:00,2023-09-17T17:45:00+00:00,media,animal,,Syrphidae,1,,,,,,,,0.361328125,0.2724609375,0.208984375,0.150390625,human,,,,flash:0|flower_species:sucpra|focus:acceptable|scalingFactor:254.0,
1569,HE24_02_38,2497,956439_3111,2023-09-20T18:23:00+00:00,2023-09-20T18:23:00+00:00,media,animal,,Diptera,1,,,,,,,,0.455078125,0.3818359375,0.0869140625,0.078125,human,,,,flash:1|flower_species:sucpra|focus:acceptable|scalingFactor:254.0,
1572,HE24_02_40,2537,822552_8602,2023-09-12T15:50:00+00:00,2023-09-12T15:50:00+00:00,media,animal,,Bombus,1,,,,,,,,0.5048828125,0.55078125,0.203125,0.1357421875,human,,,,flash:0|flower_species:sucpra|focus:blur|scalingFactor:215.0,
1577,HE24_02_40,2526,822552_8610,2023-09-17T10:45:00+00:00,2023-09-17T10:45:00+00:00,media,animal,,Syrphidae,1,,,,,,,,0.46875,0.4931640625,0.21875,0.134765625,human,,,,flash:0|flower_species:sucpra|focus:blur|scalingFactor:215.0,
1587,HE24_02_41,2558,953447_1716,2023-09-17T14:30:00+00:00,2023-09-17T14:30:00+00:00,media,animal,,Bombus,1,,,,,,,,0.541015625,0.4306640625,0.1533203125,0.1640625,human,,,,flash:0|flower_species:sucpra|focus:blur|scalingFactor:249.0,
1594,HE24_02_41,2544,953447_1746,2023-09-19T12:58:00+00:00,2023-09-19T12:58:00+00:00,media,animal,,Bombus,1,,,,,,,,0.20703125,0.541015625,0.212890625,0.2158203125,human,,,,flash:0|flower_species:sucpra|focus:blur|scalingFactor:249.0,
