detectionID,deploymentID,mediaID,eventID,eventStart,eventEnd,detectionLevel,detectionType,cameraSetupType,scientificName,count,lifeStage,sex,behavior,individualID,individualPositionRadius,individualPositionAngle,individualSpeed,bboxX,bboxY,bboxWidth,bboxHeight,classificationMethod,classifiedBy,classificationTimestamp,classificationProbability,detectionTags,detectionComments,sourceDetectionID,modelID
det0001,dep13,5mp_010421_17_24_24_049067,,2021-04-01T17:24:24+02:00,2021-04-01T17:24:24+02:00,media,animal,,Vanessa cardui,1,,,,,,,,0.489844,0.280208,0.121094,0.129167,human,Pau Enric Serra Marin,,,,,,
det0002,dep13,5mp_010421_17_24_35_519878,,2021-04-01T17:24:36+02:00,2021-04-01T17:24:36+02:00,media,animal,,Vanessa cardui,1,,,,,,,,0.4875,0.185417,0.103906,0.154167,human,Pau Enric Serra Marin,,,,,,
det0003,dep13,5mp_010421_17_24_36_834534,,2021-04-01T17:24:37+02:00,2021-04-01T17:24:37+02:00,media,animal,,Vanessa cardui,1,,,,,,,,0.46875,0.211458,0.115625,0.1125,human,Pau Enric Serra Marin,,,,,,
det0004,dep13,5mp_010421_17_24_41_289453,,2021-04-01T17:24:41+02:00,2021-04-01T17:24:41+02:00,media,animal,,Vanessa cardui,1,,,,,,,,0.49375,0.194792,0.110937,0.14375,human,Pau Enric Serra Marin,,,,,,
det0005,dep13,5mp_010421_17_24_42_529702,,2021-04-01T17:24:43+02:00,2021-04-01T17:24:43+02:00,media,animal,,Vanessa cardui,1,,,,,,,,0.482812,0.21875,0.073438,0.105208,human,Pau Enric Serra Marin,,,,,,
det0006,dep13,5mp_010421_17_25_17_364921,,2021-04-01T17:25:17+02:00,2021-04-01T17:25:17+02:00,media,animal,,Vanessa cardui,1,,,,,,,,0.6375,0.196875,0.133594,0.1,human,Pau Enric Serra Marin,,,,,,
det0007,dep13,5mp_010421_17_25_21_134721,,2021-04-01T17:25:21+02:00,2021-04-01T17:25:21+02:00,media,animal,,Vanessa cardui,1,,,,,,,,0.622656,0.179167,0.135156,0.103125,human,Pau Enric Serra Marin,,,,,,
det0008,dep13,5mp_010421_17_25_23_682803,,2021-04-01T17:25:24+02:00,2021-04-01T17:25:24+02:00,media,animal,,Vanessa cardui,1,,,,,,,,0.632031,0.203125,0.132812,0.071875,human,Pau Enric Serra Marin,,,,,,
det0009,dep13,5mp_010421_17_25_27_414847,,2021-04-01T17:25:28+02:00,2021-04-01T17:25:28+02:00,media,animal,,Vanessa cardui,1,,,,,,,,0.623437,0.20625,0.146094,0.05625,human,Pau Enric Serra Marin,,,,,,
det0010,dep13,5mp_010421_17_25_33_632717,,2021-04-01T17:25:34+02:00,2021-04-01T17:25:34+02:00,media,animal,,Vanessa cardui,1,,,,,,,,0.660937,0.195833,0.107813,0.060417,human,Pau Enric Serra Marin,,,,,,
det0011,dep13,5mp_010421_17_34_03_635161,,2021-04-01T17:34:04+02:00,2021-04-01T17:34:04+02:00,media,animal,,Vanessa cardui,1,,,,,,,,0.540625,0.211458,0.089063,0.103125,human,Pau Enric Serra Marin,,,,,,
det0012,dep13,5mp_010421_17_35_58_005928,,2021-04-01T17:35:58+02:00,2021-04-01T17:35:58+02:00,media,animal,,Vanessa cardui,1,,,,,,,,0.510156,0.182292,0.084375,0.11875,human,Pau Enric Serra Marin,,,,,,
det0013,dep13,5mp_010421_17_36_44_098033,,2021-04-01T17:36:44+02:00,2021-04-01T17:36:44+02:00,media,animal,,Vanessa cardui,1,,,,,,,,0.547656,0.208333,0.111719,0.152083,human,Pau Enric Serra Marin,,,,,,
det0014,dep13,5mp_010421_17_37_22_071766,,2021-04-01T17:37:22+02:00,2021-04-01T17:37:22+02:00,media,animal,,Vanessa cardui,1,,,,,,,,0.892969,0.142708,0.080469,0.123958,human,Pau Enric Serra Marin,,,,,,
det0015,dep13,5mp_010421_17_37_33_690273,,2021-04-01T17:37:34+02:00,2021-04-01T17:37:34+02:00,media,animal,,Vanessa cardui,1,,,,,,,,0.903125,0.160417,0.08125,0.127083,human,Pau Enric Serra Marin,,,,,,
det0016,dep13,5mp_010421_17_37_34_981064,,2021-04-01T17:37:35+02:00,2021-04-01T17:37:35+02:00,media,animal,,Vanessa cardui,1,,,,,,,,0.896875,0.189583,0.097656,0.102083,human,Pau Enric Serra Marin,,,,,,
det0017,dep13,5mp_010421_17_37_36_300696,,2021-04-01T17:37:36+02:00,2021-04-01T17:37:36+02:00,media,animal,,Vanessa cardui,1,,,,,,,,0.895312,0.180208,0.096094,0.114583,human,Pau Enric Serra Marin,,,,,,
det0018,dep13,5mp_010421_17_37_38_901514,,2021-04-01T17:37:39+02:00,2021-04-01T17:37:39+02:00,media,animal,,Vanessa cardui,1,,,,,,,,0.898438,0.189583,0.099219,0.113542,human,Pau Enric Serra Marin,,,,,,
det0019,dep13,5mp_010421_17_37_45_219545,,2021-04-01T17:37:45+02:00,2021-04-01T17:37:45+02:00,media,animal,,Vanessa cardui,1,,,,,,,,0.915625,0.16875,0.084375,0.192708,human,Pau Enric Serra Marin,,,,,,
det0020,dep13,5mp_010421_17_37_52_684992,,2021-04-01T17:37:53+02:00,2021-04-01T17:37:53+02:00,media,animal,,Vanessa cardui,1,,,,,,,,0.875781,0.142708,0.088281,0.122917,human,Pau Enric Serra Marin,,,,,,
det0021,dep13,5mp_010421_17_40_31_971081,,2021-04-01T17:40:32+02:00,2021-04-01T17:40:32+02:00,media,animal,,Fly,1,,,,,,,,0.7125,0.316667,0.01875,0.016667,human,Pau Enric Serra Marin,,,,,,
det0022,dep13,5mp_010421_17_40_33_481011,,2021-04-01T17:40:34+02:00,2021-04-01T17:40:34+02:00,media,animal,,Fly,1,,,,,,,,0.707031,0.319792,0.017969,0.020833,human,Pau Enric Serra Marin,,,,,,
det0023,dep13,5mp_010421_17_40_36_033661,,2021-04-01T17:40:36+02:00,2021-04-01T17:40:36+02:00,media,animal,,Fly,1,,,,,,,,0.708594,0.319792,0.022656,0.022917,human,Pau Enric Serra Marin,,,,,,
det0024,dep13,5mp_010421_17_40_37_226677,,2021-04-01T17:40:37+02:00,2021-04-01T17:40:37+02:00,media,animal,,Vanessa cardui,1,,,,,,,,0.592187,0.208333,0.091406,0.178125,human,Pau Enric Serra Marin,,,,,,
det0025,dep13,5mp_010421_17_40_43_536728,,2021-04-01T17:40:44+02:00,2021-04-01T17:40:44+02:00,media,animal,,Vanessa cardui,1,,,,,,,,0.532813,0.232292,0.100781,0.117708,human,Pau Enric Serra Marin,,,,,,
det0026,dep13,5mp_010421_18_03_44_079895,,2021-04-01T18:03:44+02:00,2021-04-01T18:03:44+02:00,media,animal,,Vanessa cardui,1,,,,,,,,0.2875,0.067708,0.126562,0.071875,human,Pau Enric Serra Marin,,,,,,
det0027,dep13,5mp_010421_18_32_47_571194,,2021-04-01T18:32:48+02:00,2021-04-01T18:32:48+02:00,media,animal,,Fly,1,,,,,,,,0.572656,0.420833,0.019531,0.0125,human,Pau Enric Serra Marin,,,,,,
det0028,dep13,5mp_010421_19_14_45_472869,,2021-04-01T19:14:46+02:00,2021-04-01T19:14:46+02:00,media,animal,,Fly,1,,,,,,,,0.511719,0.497917,0.019531,0.01875,human,Pau Enric Serra Marin,,,,,,
det0029,dep13,5mp_010421_19_37_13_765713,,2021-04-01T19:37:14+02:00,2021-04-01T19:37:14+02:00,media,animal,,Butterfly,1,,,,,,,,0.570312,0.314583,0.1125,0.1375,human,Pau Enric Serra Marin,,,,,,
det0030,dep13,5mp_010421_19_37_17_497836,,2021-04-01T19:37:18+02:00,2021-04-01T19:37:18+02:00,media,animal,,Butterfly,1,,,,,,,,0.503125,0.354167,0.122656,0.109375,human,Pau Enric Serra Marin,,,,,,
det0031,dep13,5mp_010421_19_37_18_741341,,2021-04-01T19:37:19+02:00,2021-04-01T19:37:19+02:00,media,animal,,Butterfly,1,,,,,,,,0.528906,0.333333,0.103906,0.132292,human,Pau Enric Serra Marin,,,,,,
det0032,dep13,5mp_010421_19_50_18_492666,,2021-04-01T19:50:19+02:00,2021-04-01T19:50:19+02:00,media,animal,,Hoverfly,1,,,,,,,,0.7125,0.454167,0.032031,0.053125,human,Pau Enric Serra Marin,,,,,,
det0033,dep13,5mp_010421_19_50_19_792329,,2021-04-01T19:50:20+02:00,2021-04-01T19:50:20+02:00,media,animal,,Hoverfly,1,,,,,,,,0.711719,0.454167,0.038281,0.04375,human,Pau Enric Serra Marin,,,,,,
det0034,dep13,5mp_010421_20_15_03_360419,,2021-04-01T20:15:03+02:00,2021-04-01T20:15:03+02:00,media,animal,,Vanessa cardui,1,,,,,,,,0.632812,0.001042,0.102344,0.121875,human,Pau Enric Serra Marin,,,,,,
det0035,dep13,5mp_010421_20_15_06_214619,,2021-04-01T20:15:06+02:00,2021-04-01T20:15:06+02:00,media,animal,,Vanessa cardui,1,,,,,,,,0.6,0.042708,0.124219,0.1,human,Pau Enric Serra Marin,,,,,,
det0036,dep13,5mp_010421_20_15_08_839470,,2021-04-01T20:15:09+02:00,2021-04-01T20:15:09+02:00,media,animal,,Vanessa cardui,1,,,,,,,,0.599219,0.041667,0.107813,0.090625,human,Pau Enric Serra Marin,,,,,,
det0037,dep13,5mp_010421_20_17_22_155405,,2021-04-01T20:17:22+02:00,2021-04-01T20:17:22+02:00,media,animal,,Vanessa cardui,1,,,,,,,,0.871875,0.413542,0.054688,0.063542,human,Pau Enric Serra Marin,,,,,,
det0038,dep13,5mp_010421_20_17_41_254825,,2021-04-01T20:17:41+02:00,2021-04-01T20:17:41+02:00,media,animal,,Vanessa cardui,1,,,,,,,,0.845313,0.402083,0.0625,0.084375,human,Pau Enric Serra Marin,,,,,,
det0039,dep13,5mp_010421_20_24_08_417838,,2021-04-01T20:24:09+02:00,2021-04-01T20:24:09+02:00,media,animal,,Butterfly,1,,,,,,,,0.248438,0.160417,0.041406,0.038542,human,Pau Enric Serra Marin,,,,,,
det0040,dep13,5mp_010421_20_28_22_435488,,2021-04-01T20:28:23+02:00,2021-04-01T20:28:23+02:00,media,animal,,Vanessa cardui,1,,,,,,,,0.121875,0.313542,0.05,0.08125,human,Pau Enric Serra Marin,,,,,,
det0041,dep13,5mp_010421_20_28_24_924066,,2021-04-01T20:28:25+02:00,2021-04-01T20:28:25+02:00,media,animal,,Vanessa cardui,1,,,,,,,,0.121875,0.326042,0.053125,0.054167,human,Pau Enric Serra Marin,,,,,,
det0042,dep13,5mp_010421_20_42_08_908981,,2021-04-01T20:42:09+02:00,2021-04-01T20:42:09+02:00,media,animal,,Unidentified insect,1,,,,,,,,0.946875,0.725,0.028906,0.03125,human,Pau Enric Serra Marin,,,,,,
det0043,dep13,5mp_010421_20_42_10_229486,,2021-04-01T20:42:10+02:00,2021-04-01T20:42:10+02:00,media,animal,,Unidentified insect,1,,,,,,,,0.948438,0.717708,0.030469,0.041667,human,Pau Enric Serra Marin,,,,,,
det0044,dep13,5mp_010421_20_42_12_769654,,2021-04-01T20:42:13+02:00,2021-04-01T20:42:13+02:00,media,animal,,Unidentified insect,1,,,,,,,,0.950781,0.7,0.032031,0.041667,human,Pau Enric Serra Marin,,,,,,
det0045,dep14,5mp_160421_01_38_39_234378,,2021-04-16T01:38:39+02:00,2021-04-16T01:38:39+02:00,media,animal,,Vanessa cardui,1,,,,,,,,0.176563,0.132292,0.086719,0.055208,human,Pau Enric Serra Marin,,,,,,
det0046,dep14,5mp_160421_01_47_54_143243,,2021-04-16T01:47:54+02:00,2021-04-16T01:47:54+02:00,media,animal,,Butterfly,1,,,,,,,,0.385156,0.095833,0.142969,0.078125,human,Pau Enric Serra Marin,,,,,,
det0047,dep14,5mp_160421_02_31_36_677242,,2021-04-16T02:31:37+02:00,2021-04-16T02:31:37+02:00,media,animal,,Vanessa cardui,1,,,,,,,,0.25,0.214583,0.184375,0.176042,human,Pau Enric Serra Marin,,,,,,
det0048,dep15,5mp_300521_09_20_35_875006,,2021-05-30T09:20:36+02:00,2021-05-30T09:20:36+02:00,media,animal,,Beetle,1,,,,,,,,0.533594,0.327083,0.027344,0.025,human,Pau Enric Serra Marin,,,,,,
det0049,dep15,5mp_300521_09_20_37_120757,,2021-05-30T09:20:37+02:00,2021-05-30T09:20:37+02:00,media,animal,,Beetle,1,,,,,,,,0.535156,0.329167,0.021875,0.020833,human,Pau Enric Serra Marin,,,,,,
det0050,dep15,5mp_300521_09_20_40_848654,,2021-05-30T09:20:41+02:00,2021-05-30T09:20:41+02:00,media,animal,,Beetle,1,,,,,,,,0.5375,0.328125,0.017969,0.017708,human,Pau Enric Serra Marin,,,,,,
det0051,dep15,5mp_300521_09_20_43_336358,,2021-05-30T09:20:43+02:00,2021-05-30T09:20:43+02:00,media,animal,,Beetle,1,,,,,,,,0.536719,0.327083,0.020313,0.019792,human,Pau Enric Serra Marin,,,,,,
det0052,dep15,5mp_300521_09_20_52_042359,,2021-05-30T09:20:52+02:00,2021-05-30T09:20:52+02:00,media,animal,,Beetle,1,,,,,,,,0.539844,0.329167,0.017188,0.025,human,Pau Enric Serra Marin,,,,,,
det0053,dep15,5mp_300521_09_20_58_254525,,2021-05-30T09:20:58+02:00,2021-05-30T09:20:58+02:00,media,animal,,Beetle,1,,,,,,,,0.535937,0.329167,0.01875,0.03125,human,Pau Enric Serra Marin,,,,,,
det0054,dep15,5mp_300521_09_21_10_968278,,2021-05-30T09:21:11+02:00,2021-05-30T09:21:11+02:00,media,animal,,Beetle,1,,,,,,,,0.53125,0.313542,0.022656,0.021875,human,Pau Enric Serra Marin,,,,,,
det0055,dep15,5mp_300521_09_21_17_478949,,2021-05-30T09:21:18+02:00,2021-05-30T09:21:18+02:00,media,animal,,Beetle,1,,,,,,,,0.530469,0.308333,0.025781,0.029167,human,Pau Enric Serra Marin,,,,,,
det0056,dep15,5mp_300521_09_21_18_795215,,2021-05-30T09:21:19+02:00,2021-05-30T09:21:19+02:00,media,animal,,Beetle,1,,,,,,,,0.532031,0.308333,0.01875,0.030208,human,Pau Enric Serra Marin,,,,,,
det0057,dep15,5mp_300521_09_21_20_121615,,2021-05-30T09:21:20+02:00,2021-05-30T09:21:20+02:00,media,animal,,Beetle,1,,,,,,,,0.529687,0.309375,0.025,0.023958,human,Pau Enric Serra Marin,,,,,,
det0058,dep15,5mp_300521_09_21_23_225167,,2021-05-30T09:21:23+02:00,2021-05-30T09:21:23+02:00,media,animal,,Beetle,1,,,,,,,,0.528906,0.307292,0.021875,0.026042,human,Pau Enric Serra Marin,,,,,,
det0059,dep15,5mp_300521_09_21_26_953813,,2021-05-30T09:21:27+02:00,2021-05-30T09:21:27+02:00,media,animal,,Beetle,1,,,,,,,,0.529687,0.308333,0.024219,0.025,human,Pau Enric Serra Marin,,,,,,
det0060,dep15,5mp_300521_09_23_27_623774,,2021-05-30T09:23:28+02:00,2021-05-30T09:23:28+02:00,media,animal,,bee,1,,,,,,,,0.003906,0.080208,0.034375,0.052083,human,Pau Enric Serra Marin,,,,,,
det0061,dep15,5mp_300521_09_23_30_109990,,2021-05-30T09:23:30+02:00,2021-05-30T09:23:30+02:00,media,animal,,bee,1,,,,,,,,0.005469,0.06875,0.033594,0.05625,human,Pau Enric Serra Marin,,,,,,
det0062,dep15,5mp_300521_09_23_30_109990,,2021-05-30T09:23:30+02:00,2021-05-30T09:23:30+02:00,media,animal,,Beetle,1,,,,,,,,0.679688,0.421875,0.021094,0.027083,human,Pau Enric Serra Marin,,,,,,
det0063,dep15,5mp_300521_09_23_32_607975,,2021-05-30T09:23:33+02:00,2021-05-30T09:23:33+02:00,media,animal,,bee,1,,,,,,,,0.002344,0.025,0.032031,0.05,human,Pau Enric Serra Marin,,,,,,
det0064,dep15,5mp_300521_09_23_33_853598,,2021-05-30T09:23:34+02:00,2021-05-30T09:23:34+02:00,media,animal,,bee,1,,,,,,,,0.002344,0.011458,0.034375,0.058333,human,Pau Enric Serra Marin,,,,,,
det0065,dep15,5mp_300521_09_24_39_795021,,2021-05-30T09:24:40+02:00,2021-05-30T09:24:40+02:00,media,animal,,Beetle,1,,,,,,,,0.738281,0.329167,0.022656,0.032292,human,Pau Enric Serra Marin,,,,,,
det0066,dep15,5mp_300521_09_34_49_780818,,2021-05-30T09:34:50+02:00,2021-05-30T09:34:50+02:00,media,animal,,Unidentified insect,1,,,,,,,,0.0625,0.060417,0.032031,0.044792,human,Pau Enric Serra Marin,,,,,,
det0067,dep15,5mp_300521_09_35_21_717647,,2021-05-30T09:35:22+02:00,2021-05-30T09:35:22+02:00,media,animal,,Butterfly,1,,,,,,,,0.000781,0.003125,0.119531,0.172917,human,Pau Enric Serra Marin,,,,,,
det0068,dep15,5mp_300521_09_35_22_924501,,2021-05-30T09:35:23+02:00,2021-05-30T09:35:23+02:00,media,animal,,Butterfly,1,,,,,,,,0.002344,0.00625,0.117188,0.188542,human,Pau Enric Serra Marin,,,,,,
det0069,dep15,5mp_300521_09_35_24_229643,,2021-05-30T09:35:24+02:00,2021-05-30T09:35:24+02:00,media,animal,,Butterfly,1,,,,,,,,0.000781,0.013542,0.124219,0.14375,human,Pau Enric Serra Marin,,,,,,
det0070,dep15,5mp_300521_09_35_28_484548,,2021-05-30T09:35:29+02:00,2021-05-30T09:35:29+02:00,media,animal,,Butterfly,1,,,,,,,,0.002344,0.071875,0.042188,0.119792,human,Pau Enric Serra Marin,,,,,,
det0071,dep15,5mp_300521_09_35_28_484548,,2021-05-30T09:35:29+02:00,2021-05-30T09:35:29+02:00,media,animal,,Beetle,1,,,,,,,,0.273438,0.130208,0.024219,0.025,human,Pau Enric Serra Marin,,,,,,
det0072,dep15,5mp_300521_09_35_28_484548,,2021-05-30T09:35:29+02:00,2021-05-30T09:35:29+02:00,media,animal,,bee,1,,,,,,,,0.367188,0.219792,0.013281,0.014583,human,Pau Enric Serra Marin,,,,,,
det0073,dep15,5mp_300521_09_35_29_833408,,2021-05-30T09:35:30+02:00,2021-05-30T09:35:30+02:00,media,animal,,bee,1,,,,,,,,0.38125,0.20625,0.016406,0.020833,human,Pau Enric Serra Marin,,,,,,
det0074,dep15,5mp_300521_09_35_29_833408,,2021-05-30T09:35:30+02:00,2021-05-30T09:35:30+02:00,media,animal,,Beetle,1,,,,,,,,0.271875,0.129167,0.021875,0.026042,human,Pau Enric Serra Marin,,,,,,
det0075,dep15,5mp_300521_09_35_29_833408,,2021-05-30T09:35:30+02:00,2021-05-30T09:35:30+02:00,media,animal,,Butterfly,1,,,,,,,,0.000781,0.086458,0.030469,0.1,human,Pau Enric Serra Marin,,,,,,
det0076,dep15,5mp_300521_09_35_31_077278,,2021-05-30T09:35:31+02:00,2021-05-30T09:35:31+02:00,media,animal,,Beetle,1,,,,,,,,0.265625,0.141667,0.019531,0.020833,human,Pau Enric Serra Marin,,,,,,
det0077,dep15,5mp_300521_09_35_31_077278,,2021-05-30T09:35:31+02:00,2021-05-30T09:35:31+02:00,media,animal,,Butterfly,1,,,,,,,,0.000781,0.146875,0.032813,0.080208,human,Pau Enric Serra Marin,,,,,,
det0078,dep15,5mp_300521_09_35_31_077278,,2021-05-30T09:35:31+02:00,2021-05-30T09:35:31+02:00,media,animal,,bee,1,,,,,,,,0.396875,0.169792,0.014844,0.029167,human,Pau Enric Serra Marin,,,,,,
det0079,dep15,5mp_300521_09_35_32_318718,,2021-05-30T09:35:32+02:00,2021-05-30T09:35:32+02:00,media,animal,,Butterfly,1,,,,,,,,0.001563,0.120833,0.03125,0.113542,human,Pau Enric Serra Marin,,,,,,
det0080,dep15,5mp_300521_09_35_32_318718,,2021-05-30T09:35:32+02:00,2021-05-30T09:35:32+02:00,media,animal,,Beetle,1,,,,,,,,0.248438,0.132292,0.025,0.033333,human,Pau Enric Serra Marin,,,,,,
det0081,dep15,5mp_300521_09_35_33_563195,,2021-05-30T09:35:34+02:00,2021-05-30T09:35:34+02:00,media,animal,,Butterfly,1,,,,,,,,0.000781,0.123958,0.057813,0.10625,human,Pau Enric Serra Marin,,,,,,
det0082,dep15,5mp_300521_09_35_34_808547,,2021-05-30T09:35:35+02:00,2021-05-30T09:35:35+02:00,media,animal,,Butterfly,1,,,,,,,,0.001563,0.120833,0.076563,0.090625,human,Pau Enric Serra Marin,,,,,,
det0083,dep15,5mp_300521_09_35_36_051157,,2021-05-30T09:35:36+02:00,2021-05-30T09:35:36+02:00,media,animal,,Butterfly,1,,,,,,,,0.002344,0.004167,0.135156,0.240625,human,Pau Enric Serra Marin,,,,,,
det0084,dep15,5mp_300521_09_35_37_295041,,2021-05-30T09:35:37+02:00,2021-05-30T09:35:37+02:00,media,animal,,Butterfly,1,,,,,,,,0.002344,0.026042,0.142187,0.186458,human,Pau Enric Serra Marin,,,,,,
det0085,dep15,5mp_300521_09_35_38_536107,,2021-05-30T09:35:39+02:00,2021-05-30T09:35:39+02:00,media,animal,,Butterfly,1,,,,,,,,0.000781,0.022917,0.140625,0.186458,human,Pau Enric Serra Marin,,,,,,
det0086,dep15,5mp_300521_09_35_39_780824,,2021-05-30T09:35:40+02:00,2021-05-30T09:35:40+02:00,media,animal,,Butterfly,1,,,,,,,,0.000781,0.026042,0.157031,0.176042,human,Pau Enric Serra Marin,,,,,,
det0087,dep15,5mp_300521_09_35_41_024270,,2021-05-30T09:35:41+02:00,2021-05-30T09:35:41+02:00,media,animal,,Butterfly,1,,,,,,,,0.002344,0.060417,0.1625,0.160417,human,Pau Enric Serra Marin,,,,,,
det0088,dep15,5mp_300521_09_35_42_249173,,2021-05-30T09:35:42+02:00,2021-05-30T09:35:42+02:00,media,animal,,Butterfly,1,,,,,,,,0.009375,0.048958,0.155469,0.167708,human,Pau Enric Serra Marin,,,,,,
det0089,dep15,5mp_300521_09_35_43_504530,,2021-05-30T09:35:44+02:00,2021-05-30T09:35:44+02:00,media,animal,,Butterfly,1,,,,,,,,0.003906,0.085417,0.144531,0.160417,human,Pau Enric Serra Marin,,,,,,
det0090,dep15,5mp_300521_10_16_53_215240,,2021-05-30T10:16:53+02:00,2021-05-30T10:16:53+02:00,media,animal,,Butterfly,1,,,,,,,,0.016406,0.179167,0.15625,0.19375,human,Pau Enric Serra Marin,,,,,,
det0091,dep15,5mp_300521_10_16_54_457430,,2021-05-30T10:16:55+02:00,2021-05-30T10:16:55+02:00,media,animal,,Butterfly,1,,,,,,,,0.002344,0.213542,0.165625,0.1875,human,Pau Enric Serra Marin,,,,,,
det0092,dep15,5mp_300521_10_16_55_702159,,2021-05-30T10:16:56+02:00,2021-05-30T10:16:56+02:00,media,animal,,Butterfly,1,,,,,,,,0.003125,0.240625,0.160938,0.160417,human,Pau Enric Serra Marin,,,,,,
det0093,dep15,5mp_300521_10_16_56_945196,,2021-05-30T10:16:57+02:00,2021-05-30T10:16:57+02:00,media,animal,,Butterfly,1,,,,,,,,0.003906,0.225,0.14375,0.155208,human,Pau Enric Serra Marin,,,,,,
det0094,dep15,5mp_300521_10_16_58_187436,,2021-05-30T10:16:58+02:00,2021-05-30T10:16:58+02:00,media,animal,,Butterfly,1,,,,,,,,0.004687,0.233333,0.1375,0.141667,human,Pau Enric Serra Marin,,,,,,
det0095,dep15,5mp_300521_10_16_59_432648,,2021-05-30T10:17:00+02:00,2021-05-30T10:17:00+02:00,media,animal,,Butterfly,1,,,,,,,,0.036719,0.208333,0.111719,0.173958,human,Pau Enric Serra Marin,,,,,,
det0096,dep15,5mp_300521_10_17_19_726409,,2021-05-30T10:17:20+02:00,2021-05-30T10:17:20+02:00,media,animal,,Vanessa cardui,1,,,,,,,,0.157812,0.064583,0.18125,0.178125,human,Pau Enric Serra Marin,,,,,,
det0097,dep15,5mp_300521_10_17_30_205196,,2021-05-30T10:17:30+02:00,2021-05-30T10:17:30+02:00,media,animal,,Vanessa cardui,1,,,,,,,,0.259375,0.086458,0.136719,0.151042,human,Pau Enric Serra Marin,,,,,,
det0098,dep15,5mp_300521_10_17_50_312958,,2021-05-30T10:17:50+02:00,2021-05-30T10:17:50+02:00,media,animal,,Vanessa cardui,1,,,,,,,,0.367188,0.003125,0.1875,0.109375,human,Pau Enric Serra Marin,,,,,,
det0099,dep15,5mp_300521_10_17_51_558040,,2021-05-30T10:17:52+02:00,2021-05-30T10:17:52+02:00,media,animal,,Vanessa cardui,1,,,,,,,,0.389844,0.002083,0.159375,0.128125,human,Pau Enric Serra Marin,,,,,,
det0100,dep15,5mp_300521_10_17_59_106937,,2021-05-30T10:17:59+02:00,2021-05-30T10:17:59+02:00,media,animal,,Vanessa cardui,1,,,,,,,,0.432812,0.003125,0.121094,0.152083,human,Pau Enric Serra Marin,,,,,,
det0101,dep15,5mp_300521_10_18_00_464668,,2021-05-30T10:18:01+02:00,2021-05-30T10:18:01+02:00,media,animal,,Vanessa cardui,1,,,,,,,,0.446875,0.001042,0.102344,0.148958,human,Pau Enric Serra Marin,,,,,,
det0102,dep15,5mp_300521_10_18_24_379181,,2021-05-30T10:18:25+02:00,2021-05-30T10:18:25+02:00,media,animal,,Vanessa cardui,1,,,,,,,,0.482812,0.120833,0.239844,0.235417,human,Pau Enric Serra Marin,,,,,,
det0103,dep15,5mp_300521_10_18_30_696493,,2021-05-30T10:18:31+02:00,2021-05-30T10:18:31+02:00,media,animal,,Vanessa cardui,1,,,,,,,,0.508594,0.111458,0.203906,0.222917,human,Pau Enric Serra Marin,,,,,,
det0104,dep15,5mp_300521_10_31_52_998282,,2021-05-30T10:31:53+02:00,2021-05-30T10:31:53+02:00,media,animal,,bee,1,,,,,,,,0.635938,0.009375,0.053125,0.05,human,Pau Enric Serra Marin,,,,,,
det0105,dep15,5mp_300521_10_31_56_727664,,2021-05-30T10:31:57+02:00,2021-05-30T10:31:57+02:00,media,animal,,bee,1,,,,,,,,0.735156,0.095833,0.054688,0.053125,human,Pau Enric Serra Marin,,,,,,
det0106,dep15,5mp_300521_10_33_15_301280,,2021-05-30T10:33:15+02:00,2021-05-30T10:33:15+02:00,media,animal,,bee,1,,,,,,,,0.596875,0.347917,0.077344,0.060417,human,Pau Enric Serra Marin,,,,,,
det0107,dep15,5mp_300521_10_33_19_029051,,2021-05-30T10:33:19+02:00,2021-05-30T10:33:19+02:00,media,animal,,bee,1,,,,,,,,0.220312,0.28125,0.0875,0.048958,human,Pau Enric Serra Marin,,,,,,
det0108,dep15,5mp_300521_10_47_13_397794,,2021-05-30T10:47:14+02:00,2021-05-30T10:47:14+02:00,media,animal,,bee,1,,,,,,,,0.730469,0.342708,0.047656,0.04375,human,Pau Enric Serra Marin,,,,,,
det0109,dep05,8mp_020620_10_18_20_634603,,2020-06-02T10:18:20+02:00,2020-06-02T10:18:20+02:00,media,animal,,Apis mellifera,1,,,,,,,,0.502344,0.391892,0.064844,0.068607,human,Pau Enric Serra Marin,,,,,,
det0110,dep05,8mp_020620_10_19_27_963526,,2020-06-02T10:19:28+02:00,2020-06-02T10:19:28+02:00,media,animal,,Apis mellifera,1,,,,,,,,0.601562,0.809771,0.082812,0.085239,human,Pau Enric Serra Marin,,,,,,
det0111,dep05,8mp_020620_10_19_27_963526,,2020-06-02T10:19:28+02:00,2020-06-02T10:19:28+02:00,media,animal,,Apis mellifera,1,,,,,,,,0.59375,0.352391,0.047656,0.077963,human,Pau Enric Serra Marin,,,,,,
det0112,dep05,8mp_020620_10_19_27_963526,,2020-06-02T10:19:28+02:00,2020-06-02T10:19:28+02:00,media,animal,,Apis mellifera,1,,,,,,,,0.448437,0.278586,0.032031,0.034304,human,Pau Enric Serra Marin,,,,,,
det0113,dep05,8mp_020620_10_19_32_965934,,2020-06-02T10:19:33+02:00,2020-06-02T10:19:33+02:00,media,animal,,Apis mellifera,1,,,,,,,,0.3875,0.266112,0.032813,0.054054,human,Pau Enric Serra Marin,,,,,,
det0114,dep05,8mp_020620_10_19_32_965934,,2020-06-02T10:19:33+02:00,2020-06-02T10:19:33+02:00,media,animal,,Apis mellifera,1,,,,,,,,0.465625,0.306653,0.045312,0.068607,human,Pau Enric Serra Marin,,,,,,
det0115,dep05,8mp_020620_10_19_32_965934,,2020-06-02T10:19:33+02:00,2020-06-02T10:19:33+02:00,media,animal,,Apis mellifera,1,,,,,,,,0.567969,0.325364,0.041406,0.08316,human,Pau Enric Serra Marin,,,,,,
det0116,dep05,8mp_020620_10_19_44_804347,,2020-06-02T10:19:45+02:00,2020-06-02T10:19:45+02:00,media,animal,,Apis mellifera,1,,,,,,,,0.484375,0.384615,0.042188,0.075884,human,Pau Enric Serra Marin,,,,,,
det0117,dep05,8mp_020620_10_19_51_630427,,2020-06-02T10:19:51+02:00,2020-06-02T10:19:51+02:00,media,animal,,Apis mellifera,1,,,,,,,,0.257812,0.5,0.039062,0.057173,human,Pau Enric Serra Marin,,,,,,
det0118,dep05,8mp_020620_10_19_51_630427,,2020-06-02T10:19:51+02:00,2020-06-02T10:19:51+02:00,media,animal,,Apis mellifera,1,,,,,,,,0.439844,0.358628,0.080469,0.067568,human,Pau Enric Serra Marin,,,,,,
det0119,dep05,8mp_020620_10_22_46_506410,,2020-06-02T10:22:46+02:00,2020-06-02T10:22:46+02:00,media,animal,,Fly,1,,,,,,,,0.707031,0.059252,0.034375,0.057173,human,Pau Enric Serra Marin,,,,,,
det0120,dep05,8mp_020620_10_22_49_863327,,2020-06-02T10:22:50+02:00,2020-06-02T10:22:50+02:00,media,animal,,Fly,1,,,,,,,,0.70625,0.061331,0.033594,0.053015,human,Pau Enric Serra Marin,,,,,,
det0121,dep05,8mp_020620_10_22_52_432166,,2020-06-02T10:22:52+02:00,2020-06-02T10:22:52+02:00,media,animal,,Apis mellifera,1,,,,,,,,0.570312,0.16736,0.079687,0.073805,human,Pau Enric Serra Marin,,,,,,
det0122,dep05,8mp_020620_10_22_52_432166,,2020-06-02T10:22:52+02:00,2020-06-02T10:22:52+02:00,media,animal,,Fly,1,,,,,,,,0.696875,0.071726,0.035937,0.044699,human,Pau Enric Serra Marin,,,,,,
det0123,dep05,8mp_020620_10_22_54_913163,,2020-06-02T10:22:55+02:00,2020-06-02T10:22:55+02:00,media,animal,,Apis mellifera,1,,,,,,,,0.500781,0.348233,0.030469,0.06237,human,Pau Enric Serra Marin,,,,,,
det0124,dep05,8mp_020620_10_22_54_913163,,2020-06-02T10:22:55+02:00,2020-06-02T10:22:55+02:00,media,animal,,Fly,1,,,,,,,,0.700781,0.057173,0.032813,0.047817,human,Pau Enric Serra Marin,,,,,,
det0125,dep05,8mp_020620_10_22_58_494082,,2020-06-02T10:22:58+02:00,2020-06-02T10:22:58+02:00,media,animal,,Fly,1,,,,,,,,0.7,0.046778,0.024219,0.058212,human,Pau Enric Serra Marin,,,,,,
det0126,dep05,8mp_020620_10_23_11_829469,,2020-06-02T10:23:12+02:00,2020-06-02T10:23:12+02:00,media,animal,,Apis mellifera,1,,,,,,,,0.5125,0.279626,0.028906,0.051975,human,Pau Enric Serra Marin,,,,,,
det0127,dep05,8mp_020620_10_23_11_829469,,2020-06-02T10:23:12+02:00,2020-06-02T10:23:12+02:00,media,animal,,Apis mellifera,1,,,,,,,,0.839844,0.054054,0.071875,0.067568,human,Pau Enric Serra Marin,,,,,,
det0128,dep05,8mp_020620_10_23_11_829469,,2020-06-02T10:23:12+02:00,2020-06-02T10:23:12+02:00,media,animal,,Fly,1,,,,,,,,0.710938,0.034304,0.046094,0.033264,human,Pau Enric Serra Marin,,,,,,
det0129,dep05,8mp_020620_10_23_16_980908,,2020-06-02T10:23:17+02:00,2020-06-02T10:23:17+02:00,media,animal,,Fly,1,,,,,,,,0.759375,0.040541,0.03125,0.038462,human,Pau Enric Serra Marin,,,,,,
det0130,dep05,8mp_020620_10_24_21_998107,,2020-06-02T10:24:22+02:00,2020-06-02T10:24:22+02:00,media,animal,,Apis mellifera,1,,,,,,,,0.49375,0.365904,0.0375,0.040541,human,Pau Enric Serra Marin,,,,,,
det0131,dep05,8mp_020620_10_24_47_193352,,2020-06-02T10:24:47+02:00,2020-06-02T10:24:47+02:00,media,animal,,Apis mellifera,1,,,,,,,,0.225781,0.456341,0.028906,0.060291,human,Pau Enric Serra Marin,,,,,,
det0132,dep05,8mp_020620_10_24_50_611894,,2020-06-02T10:24:50+02:00,2020-06-02T10:24:50+02:00,media,animal,,Apis mellifera,1,,,,,,,,0.230469,0.497921,0.030469,0.068607,human,Pau Enric Serra Marin,,,,,,
det0133,dep05,8mp_020620_10_25_01_775742,,2020-06-02T10:25:01+02:00,2020-06-02T10:25:01+02:00,media,animal,,Apis mellifera,1,,,,,,,,0.608594,0.18815,0.04375,0.048857,human,Pau Enric Serra Marin,,,,,,
det0134,dep05,8mp_020620_10_25_21_902223,,2020-06-02T10:25:22+02:00,2020-06-02T10:25:22+02:00,media,animal,,Apis mellifera,1,,,,,,,,0.334375,0.27131,0.020313,0.045738,human,Pau Enric Serra Marin,,,,,,
det0135,dep05,8mp_020620_10_25_21_902223,,2020-06-02T10:25:22+02:00,2020-06-02T10:25:22+02:00,media,animal,,Apis mellifera,1,,,,,,,,0.357031,0.706861,0.034375,0.054054,human,Pau Enric Serra Marin,,,,,,
det0136,dep05,8mp_020620_10_25_22_874226,,2020-06-02T10:25:23+02:00,2020-06-02T10:25:23+02:00,media,animal,,Apis mellifera,1,,,,,,,,0.31875,0.258836,0.032031,0.044699,human,Pau Enric Serra Marin,,,,,,
det0137,dep05,8mp_020620_10_25_22_874226,,2020-06-02T10:25:23+02:00,2020-06-02T10:25:23+02:00,media,animal,,Apis mellifera,1,,,,,,,,0.357812,0.7079,0.038281,0.048857,human,Pau Enric Serra Marin,,,,,,
det0138,dep05,8mp_020620_10_25_25_413956,,2020-06-02T10:25:25+02:00,2020-06-02T10:25:25+02:00,media,animal,,Apis mellifera,1,,,,,,,,0.485938,0.43763,0.039844,0.06237,human,Pau Enric Serra Marin,,,,,,
det0139,dep05,8mp_020620_10_25_25_413956,,2020-06-02T10:25:25+02:00,2020-06-02T10:25:25+02:00,media,animal,,Scaeva pyrastri,1,,,,,,,,0.648438,0.83264,0.076563,0.068607,human,Pau Enric Serra Marin,,,,,,
det0140,dep05,8mp_020620_10_25_25_413956,,2020-06-02T10:25:25+02:00,2020-06-02T10:25:25+02:00,media,animal,,Apis mellifera,1,,,,,,,,0.360156,0.703742,0.030469,0.068607,human,Pau Enric Serra Marin,,,,,,
det0141,dep05,8mp_020620_10_26_37_757661,,2020-06-02T10:26:37+02:00,2020-06-02T10:26:37+02:00,media,animal,,Apis mellifera,1,,,,,,,,0.478125,0.267152,0.048438,0.040541,human,Pau Enric Serra Marin,,,,,,
det0142,dep12,8mp_020620_10_30_53_867372,,2020-06-02T10:30:54+02:00,2020-06-02T10:30:54+02:00,media,animal,,Apis mellifera,1,,,,,,,,0.445312,0.352083,0.10625,0.083333,human,Pau Enric Serra Marin,,,,,,
det0143,dep12,8mp_020620_10_34_48_808682,,2020-06-02T10:34:48+02:00,2020-06-02T10:34:48+02:00,media,animal,,Hoverfly,1,,,,,,,,0.426563,0.169792,0.045312,0.044792,human,Pau Enric Serra Marin,,,,,,
det0144,dep12,8mp_020620_10_34_49_628783,,2020-06-02T10:34:49+02:00,2020-06-02T10:34:49+02:00,media,animal,,Hoverfly,1,,,,,,,,0.426563,0.16875,0.046094,0.047917,human,Pau Enric Serra Marin,,,,,,
det0145,dep12,8mp_020620_10_34_50_478620,,2020-06-02T10:34:50+02:00,2020-06-02T10:34:50+02:00,media,animal,,Hoverfly,1,,,,,,,,0.425781,0.1625,0.048438,0.052083,human,Pau Enric Serra Marin,,,,,,
det0146,dep12,8mp_020620_10_34_51_319145,,2020-06-02T10:34:51+02:00,2020-06-02T10:34:51+02:00,media,animal,,Hoverfly,1,,,,,,,,0.424219,0.161458,0.05,0.054167,human,Pau Enric Serra Marin,,,,,,
det0147,dep12,8mp_020620_10_34_52_139952,,2020-06-02T10:34:52+02:00,2020-06-02T10:34:52+02:00,media,animal,,Hoverfly,1,,,,,,,,0.425,0.167708,0.05625,0.05,human,Pau Enric Serra Marin,,,,,,
det0148,dep12,8mp_020620_10_34_52_987766,,2020-06-02T10:34:53+02:00,2020-06-02T10:34:53+02:00,media,animal,,Hoverfly,1,,,,,,,,0.425,0.153125,0.05625,0.064583,human,Pau Enric Serra Marin,,,,,,
det0149,dep05,8mp_020620_10_34_53_339303,,2020-06-02T10:34:53+02:00,2020-06-02T10:34:53+02:00,media,animal,,Apis mellifera,1,,,,,,,,0.654687,0.00104,0.082031,0.073805,human,Pau Enric Serra Marin,,,,,,
det0150,dep05,8mp_020620_10_34_53_339303,,2020-06-02T10:34:53+02:00,2020-06-02T10:34:53+02:00,media,animal,,Apis mellifera,1,,,,,,,,0.3625,0.514553,0.104688,0.080042,human,Pau Enric Serra Marin,,,,,,
det0151,dep12,8mp_020620_10_34_53_808027,,2020-06-02T10:34:53+02:00,2020-06-02T10:34:53+02:00,media,animal,,Hoverfly,1,,,,,,,,0.421094,0.158333,0.059375,0.0625,human,Pau Enric Serra Marin,,,,,,
det0152,dep12,8mp_020620_10_34_54_628704,,2020-06-02T10:34:54+02:00,2020-06-02T10:34:54+02:00,media,animal,,Hoverfly,1,,,,,,,,0.421094,0.160417,0.0625,0.0625,human,Pau Enric Serra Marin,,,,,,
det0153,dep12,8mp_020620_10_34_55_459305,,2020-06-02T10:34:55+02:00,2020-06-02T10:34:55+02:00,media,animal,,Hoverfly,1,,,,,,,,0.429688,0.161458,0.053906,0.045833,human,Pau Enric Serra Marin,,,,,,
det0154,dep12,8mp_020620_10_34_56_289683,,2020-06-02T10:34:56+02:00,2020-06-02T10:34:56+02:00,media,animal,,Hoverfly,1,,,,,,,,0.428906,0.159375,0.055469,0.046875,human,Pau Enric Serra Marin,,,,,,
det0155,dep12,8mp_020620_10_34_57_142987,,2020-06-02T10:34:57+02:00,2020-06-02T10:34:57+02:00,media,animal,,Hoverfly,1,,,,,,,,0.434375,0.155208,0.052344,0.054167,human,Pau Enric Serra Marin,,,,,,
det0156,dep12,8mp_020620_10_34_57_986560,,2020-06-02T10:34:58+02:00,2020-06-02T10:34:58+02:00,media,animal,,Hoverfly,1,,,,,,,,0.434375,0.157292,0.051562,0.053125,human,Pau Enric Serra Marin,,,,,,
det0157,dep12,8mp_020620_10_34_58_683916,,2020-06-02T10:34:58+02:00,2020-06-02T10:34:58+02:00,media,animal,,Hoverfly,1,,,,,,,,0.438281,0.157292,0.060156,0.048958,human,Pau Enric Serra Marin,,,,,,
det0158,dep12,8mp_020620_10_34_59_503796,,2020-06-02T10:34:59+02:00,2020-06-02T10:34:59+02:00,media,animal,,Hoverfly,1,,,,,,,,0.429688,0.153125,0.051562,0.055208,human,Pau Enric Serra Marin,,,,,,
det0159,dep12,8mp_020620_10_35_00_167571,,2020-06-02T10:35:00+02:00,2020-06-02T10:35:00+02:00,media,animal,,Hoverfly,1,,,,,,,,0.432031,0.153125,0.053906,0.051042,human,Pau Enric Serra Marin,,,,,,
det0160,dep12,8mp_020620_10_35_00_990966,,2020-06-02T10:35:01+02:00,2020-06-02T10:35:01+02:00,media,animal,,Hoverfly,1,,,,,,,,0.435937,0.15625,0.053906,0.060417,human,Pau Enric Serra Marin,,,,,,
det0161,dep12,8mp_020620_10_35_01_846312,,2020-06-02T10:35:02+02:00,2020-06-02T10:35:02+02:00,media,animal,,Hoverfly,1,,,,,,,,0.435937,0.154167,0.054688,0.063542,human,Pau Enric Serra Marin,,,,,,
det0162,dep12,8mp_020620_10_35_02_691926,,2020-06-02T10:35:02+02:00,2020-06-02T10:35:02+02:00,media,animal,,Hoverfly,1,,,,,,,,0.436719,0.160417,0.051562,0.047917,human,Pau Enric Serra Marin,,,,,,
det0163,dep12,8mp_020620_10_35_03_525092,,2020-06-02T10:35:03+02:00,2020-06-02T10:35:03+02:00,media,animal,,Hoverfly,1,,,,,,,,0.432812,0.14375,0.060156,0.077083,human,Pau Enric Serra Marin,,,,,,
det0164,dep12,8mp_020620_10_35_04_352495,,2020-06-02T10:35:04+02:00,2020-06-02T10:35:04+02:00,media,animal,,Hoverfly,1,,,,,,,,0.435937,0.151042,0.049219,0.046875,human,Pau Enric Serra Marin,,,,,,
det0165,dep12,8mp_020620_10_35_05_025413,,2020-06-02T10:35:05+02:00,2020-06-02T10:35:05+02:00,media,animal,,Hoverfly,1,,,,,,,,0.438281,0.157292,0.053906,0.048958,human,Pau Enric Serra Marin,,,,,,
det0166,dep12,8mp_020620_10_35_05_832179,,2020-06-02T10:35:05+02:00,2020-06-02T10:35:05+02:00,media,animal,,Hoverfly,1,,,,,,,,0.434375,0.148958,0.060156,0.067708,human,Pau Enric Serra Marin,,,,,,
det0167,dep12,8mp_020620_10_35_06_494714,,2020-06-02T10:35:06+02:00,2020-06-02T10:35:06+02:00,media,animal,,Hoverfly,1,,,,,,,,0.439844,0.155208,0.046094,0.054167,human,Pau Enric Serra Marin,,,,,,
det0168,dep12,8mp_020620_10_35_12_256141,,2020-06-02T10:35:12+02:00,2020-06-02T10:35:12+02:00,media,animal,,Hoverfly,1,,,,,,,,0.376563,0.439583,0.070312,0.054167,human,Pau Enric Serra Marin,,,,,,
det0169,dep12,8mp_020620_10_35_13_076578,,2020-06-02T10:35:13+02:00,2020-06-02T10:35:13+02:00,media,animal,,Hoverfly,1,,,,,,,,0.386719,0.451042,0.048438,0.05,human,Pau Enric Serra Marin,,,,,,
det0170,dep12,8mp_020620_10_35_13_908962,,2020-06-02T10:35:14+02:00,2020-06-02T10:35:14+02:00,media,animal,,Hoverfly,1,,,,,,,,0.382031,0.442708,0.061719,0.061458,human,Pau Enric Serra Marin,,,,,,
det0171,dep12,8mp_020620_10_35_14_729323,,2020-06-02T10:35:14+02:00,2020-06-02T10:35:14+02:00,media,animal,,Hoverfly,1,,,,,,,,0.377344,0.434375,0.058594,0.058333,human,Pau Enric Serra Marin,,,,,,
det0172,dep12,8mp_020620_10_35_15_552388,,2020-06-02T10:35:15+02:00,2020-06-02T10:35:15+02:00,media,animal,,Hoverfly,1,,,,,,,,0.378906,0.434375,0.064062,0.054167,human,Pau Enric Serra Marin,,,,,,
det0173,dep12,8mp_020620_10_35_16_379389,,2020-06-02T10:35:16+02:00,2020-06-02T10:35:16+02:00,media,animal,,Hoverfly,1,,,,,,,,0.378906,0.426042,0.060937,0.055208,human,Pau Enric Serra Marin,,,,,,
det0174,dep12,8mp_020620_10_35_17_051908,,2020-06-02T10:35:17+02:00,2020-06-02T10:35:17+02:00,media,animal,,Hoverfly,1,,,,,,,,0.389062,0.421875,0.052344,0.048958,human,Pau Enric Serra Marin,,,,,,
det0175,dep12,8mp_020620_10_35_17_860603,,2020-06-02T10:35:18+02:00,2020-06-02T10:35:18+02:00,media,animal,,Hoverfly,1,,,,,,,,0.385937,0.409375,0.064062,0.047917,human,Pau Enric Serra Marin,,,,,,
det0176,dep12,8mp_020620_10_35_18_526842,,2020-06-02T10:35:18+02:00,2020-06-02T10:35:18+02:00,media,animal,,Hoverfly,1,,,,,,,,0.389844,0.401042,0.067187,0.055208,human,Pau Enric Serra Marin,,,,,,
det0177,dep12,8mp_020620_10_35_19_340638,,2020-06-02T10:35:19+02:00,2020-06-02T10:35:19+02:00,media,animal,,Hoverfly,1,,,,,,,,0.388281,0.395833,0.064062,0.05625,human,Pau Enric Serra Marin,,,,,,
det0178,dep12,8mp_020620_10_35_20_191638,,2020-06-02T10:35:20+02:00,2020-06-02T10:35:20+02:00,media,animal,,Hoverfly,1,,,,,,,,0.384375,0.369792,0.071875,0.045833,human,Pau Enric Serra Marin,,,,,,
det0179,dep12,8mp_020620_10_35_21_031426,,2020-06-02T10:35:21+02:00,2020-06-02T10:35:21+02:00,media,animal,,Hoverfly,1,,,,,,,,0.389062,0.401042,0.065625,0.040625,human,Pau Enric Serra Marin,,,,,,
det0180,dep12,8mp_020620_10_35_27_303066,,2020-06-02T10:35:27+02:00,2020-06-02T10:35:27+02:00,media,animal,,Hoverfly,1,,,,,,,,0.396875,0.090625,0.060156,0.053125,human,Pau Enric Serra Marin,,,,,,
det0181,dep05,8mp_020620_10_35_32_596523,,2020-06-02T10:35:32+02:00,2020-06-02T10:35:32+02:00,media,animal,,Apis mellifera,1,,,,,,,,0.59375,0.14553,0.045312,0.072765,human,Pau Enric Serra Marin,,,,,,
det0182,dep05,8mp_020620_10_42_21_371394,,2020-06-02T10:42:21+02:00,2020-06-02T10:42:21+02:00,media,animal,,Apis mellifera,1,,,,,,,,0.225,0.488565,0.040625,0.053015,human,Pau Enric Serra Marin,,,,,,
det0183,dep05,8mp_020620_10_42_21_371394,,2020-06-02T10:42:21+02:00,2020-06-02T10:42:21+02:00,media,animal,,Apis mellifera,1,,,,,,,,0.697656,0.650728,0.10625,0.088358,human,Pau Enric Serra Marin,,,,,,
det0184,dep05,8mp_020620_10_45_43_762598,,2020-06-02T10:45:43+02:00,2020-06-02T10:45:43+02:00,media,animal,,Apis mellifera,1,,,,,,,,0.598437,0.129938,0.046094,0.069647,human,Pau Enric Serra Marin,,,,,,
det0185,dep05,8mp_020620_10_45_43_762598,,2020-06-02T10:45:43+02:00,2020-06-02T10:45:43+02:00,media,animal,,Apis mellifera,1,,,,,,,,0.479687,0.206861,0.028125,0.038462,human,Pau Enric Serra Marin,,,,,,
det0186,dep05,8mp_020620_10_45_43_762598,,2020-06-02T10:45:43+02:00,2020-06-02T10:45:43+02:00,media,animal,,Apis mellifera,1,,,,,,,,0.304688,0.316008,0.03125,0.043659,human,Pau Enric Serra Marin,,,,,,
det0187,dep05,8mp_020620_10_46_04_183427,,2020-06-02T10:46:04+02:00,2020-06-02T10:46:04+02:00,media,animal,,Apis mellifera,1,,,,,,,,0.2875,0.299376,0.039844,0.044699,human,Pau Enric Serra Marin,,,,,,
det0188,dep05,8mp_020620_10_46_20_501564,,2020-06-02T10:46:20+02:00,2020-06-02T10:46:20+02:00,media,animal,,Apis mellifera,1,,,,,,,,0.411719,0.331601,0.035156,0.059252,human,Pau Enric Serra Marin,,,,,,
det0189,dep05,8mp_020620_10_46_42_998376,,2020-06-02T10:46:43+02:00,2020-06-02T10:46:43+02:00,media,animal,,Apis mellifera,1,,,,,,,,0.625781,0.085239,0.038281,0.055094,human,Pau Enric Serra Marin,,,,,,
det0190,dep05,8mp_020620_10_47_58_092972,,2020-06-02T10:47:58+02:00,2020-06-02T10:47:58+02:00,media,animal,,Apis mellifera,1,,,,,,,,0.457031,0.16736,0.035937,0.030146,human,Pau Enric Serra Marin,,,,,,
det0191,dep05,8mp_020620_10_47_58_092972,,2020-06-02T10:47:58+02:00,2020-06-02T10:47:58+02:00,media,animal,,Apis mellifera,1,,,,,,,,0.575,0.33368,0.0625,0.067568,human,Pau Enric Serra Marin,,,,,,
det0192,dep05,8mp_020620_10_50_09_845567,,2020-06-02T10:50:10+02:00,2020-06-02T10:50:10+02:00,media,animal,,Apis mellifera,1,,,,,,,,0.252344,0.615385,0.063281,0.06237,human,Pau Enric Serra Marin,,,,,,
det0193,dep05,8mp_020620_10_50_09_845567,,2020-06-02T10:50:10+02:00,2020-06-02T10:50:10+02:00,media,animal,,Apis mellifera,1,,,,,,,,0.604688,0.304574,0.053125,0.08316,human,Pau Enric Serra Marin,,,,,,
det0194,dep05,8mp_020620_10_52_57_686976,,2020-06-02T10:52:57+02:00,2020-06-02T10:52:57+02:00,media,animal,,Apis mellifera,1,,,,,,,,0.657031,0.398129,0.069531,0.056133,human,Pau Enric Serra Marin,,,,,,
det0195,dep05,8mp_020620_10_53_13_056863,,2020-06-02T10:53:13+02:00,2020-06-02T10:53:13+02:00,media,animal,,Apis mellifera,1,,,,,,,,0.402344,0.592516,0.071094,0.090437,human,Pau Enric Serra Marin,,,,,,
det0196,dep05,8mp_020620_10_53_13_056863,,2020-06-02T10:53:13+02:00,2020-06-02T10:53:13+02:00,media,animal,,Apis mellifera,1,,,,,,,,0.570312,0.316008,0.082812,0.060291,human,Pau Enric Serra Marin,,,,,,
det0197,dep05,8mp_020620_10_53_13_835164,,2020-06-02T10:53:13+02:00,2020-06-02T10:53:13+02:00,media,animal,,Apis mellifera,1,,,,,,,,0.402344,0.612266,0.060156,0.092516,human,Pau Enric Serra Marin,,,,,,
det0198,dep05,8mp_020620_10_53_13_835164,,2020-06-02T10:53:13+02:00,2020-06-02T10:53:13+02:00,media,animal,,Apis mellifera,1,,,,,,,,0.578906,0.331601,0.039844,0.043659,human,Pau Enric Serra Marin,,,,,,
det0199,dep05,8mp_020620_10_56_24_757230,,2020-06-02T10:56:24+02:00,2020-06-02T10:56:24+02:00,media,animal,,Apis mellifera,1,,,,,,,,0.474219,0.174636,0.033594,0.033264,human,Pau Enric Serra Marin,,,,,,
det0200,dep05,8mp_020620_10_56_24_757230,,2020-06-02T10:56:24+02:00,2020-06-02T10:56:24+02:00,media,animal,,Apis mellifera,1,,,,,,,,0.4625,0.359667,0.060937,0.068607,human,Pau Enric Serra Marin,,,,,,
det0201,dep05,8mp_020620_10_56_24_757230,,2020-06-02T10:56:24+02:00,2020-06-02T10:56:24+02:00,media,animal,,Unidentified insect,1,,,,,,,,0.307812,0.309771,0.032813,0.031185,human,Pau Enric Serra Marin,,,,,,
det0202,dep05,8mp_020620_10_56_32_152420,,2020-06-02T10:56:32+02:00,2020-06-02T10:56:32+02:00,media,animal,,Unidentified insect,1,,,,,,,,0.403906,0.24948,0.044531,0.059252,human,Pau Enric Serra Marin,,,,,,
det0203,dep05,8mp_020620_10_56_32_152420,,2020-06-02T10:56:32+02:00,2020-06-02T10:56:32+02:00,media,animal,,Unidentified insect,1,,,,,,,,0.555469,0.345114,0.059375,0.058212,human,Pau Enric Serra Marin,,,,,,
det0204,dep05,8mp_020620_10_59_05_908581,,2020-06-02T10:59:06+02:00,2020-06-02T10:59:06+02:00,media,animal,,Unidentified insect,1,,,,,,,,0.916406,0.030146,0.044531,0.047817,human,Pau Enric Serra Marin,,,,,,
det0205,dep05,8mp_020620_11_00_29_707563,,2020-06-02T11:00:29+02:00,2020-06-02T11:00:29+02:00,media,animal,,Apis mellifera,1,,,,,,,,0.45,0.277547,0.046094,0.057173,human,Pau Enric Serra Marin,,,,,,
det0206,dep05,8mp_020620_11_00_29_707563,,2020-06-02T11:00:29+02:00,2020-06-02T11:00:29+02:00,media,animal,,Unidentified insect,1,,,,,,,,0.430469,0.282744,0.017969,0.031185,human,Pau Enric Serra Marin,,,,,,
det0207,dep05,8mp_020620_11_00_29_707563,,2020-06-02T11:00:29+02:00,2020-06-02T11:00:29+02:00,media,animal,,Apis mellifera,1,,,,,,,,0.660156,0.638254,0.10625,0.0842,human,Pau Enric Serra Marin,,,,,,
det0208,dep05,8mp_020620_11_02_41_058284,,2020-06-02T11:02:41+02:00,2020-06-02T11:02:41+02:00,media,animal,,Apis mellifera,1,,,,,,,,0.597656,0.816008,0.073438,0.109148,human,Pau Enric Serra Marin,,,,,,
det0209,dep05,8mp_020620_11_02_41_058284,,2020-06-02T11:02:41+02:00,2020-06-02T11:02:41+02:00,media,animal,,Unidentified insect,1,,,,,,,,0.342187,0.275468,0.040625,0.034304,human,Pau Enric Serra Marin,,,,,,
det0210,dep05,8mp_020620_11_02_41_852597,,2020-06-02T11:02:42+02:00,2020-06-02T11:02:42+02:00,media,animal,,Apis mellifera,1,,,,,,,,0.590625,0.810811,0.100781,0.112266,human,Pau Enric Serra Marin,,,,,,
det0211,dep05,8mp_020620_11_02_41_852597,,2020-06-02T11:02:42+02:00,2020-06-02T11:02:42+02:00,media,animal,,Unidentified insect,1,,,,,,,,0.292187,0.31185,0.042188,0.031185,human,Pau Enric Serra Marin,,,,,,
det0212,dep05,8mp_020620_11_03_03_084906,,2020-06-02T11:03:03+02:00,2020-06-02T11:03:03+02:00,media,animal,,Apis mellifera,1,,,,,,,,0.507812,0.475052,0.051562,0.054054,human,Pau Enric Serra Marin,,,,,,
det0213,dep05,8mp_020620_11_03_32_690086,,2020-06-02T11:03:32+02:00,2020-06-02T11:03:32+02:00,media,animal,,Apis mellifera,1,,,,,,,,0.34375,0.503119,0.05,0.059252,human,Pau Enric Serra Marin,,,,,,
det0214,dep05,8mp_020620_11_04_55_453237,,2020-06-02T11:04:55+02:00,2020-06-02T11:04:55+02:00,media,animal,,Apis mellifera,1,,,,,,,,0.575,0.232848,0.085938,0.074844,human,Pau Enric Serra Marin,,,,,,
det0215,dep05,8mp_020620_11_04_55_453237,,2020-06-02T11:04:55+02:00,2020-06-02T11:04:55+02:00,media,animal,,Unidentified insect,1,,,,,,,,0.421094,0.047817,0.039844,0.031185,human,Pau Enric Serra Marin,,,,,,
det0216,dep05,8mp_020620_11_04_55_453237,,2020-06-02T11:04:55+02:00,2020-06-02T11:04:55+02:00,media,animal,,Apis mellifera,1,,,,,,,,0.254688,0.490644,0.059375,0.086279,human,Pau Enric Serra Marin,,,,,,
det0217,dep05,8mp_020620_11_05_08_408354,,2020-06-02T11:05:08+02:00,2020-06-02T11:05:08+02:00,media,animal,,Apis mellifera,1,,,,,,,,0.628906,0.350312,0.060156,0.095634,human,Pau Enric Serra Marin,,,,,,
det0218,dep05,8mp_020620_11_05_08_408354,,2020-06-02T11:05:08+02:00,2020-06-02T11:05:08+02:00,media,animal,,Unidentified insect,1,,,,,,,,0.500781,0.218295,0.04375,0.028067,human,Pau Enric Serra Marin,,,,,,
det0219,dep05,8mp_020620_11_05_08_408354,,2020-06-02T11:05:08+02:00,2020-06-02T11:05:08+02:00,media,animal,,Apis mellifera,1,,,,,,,,0.394531,0.22973,0.034375,0.048857,human,Pau Enric Serra Marin,,,,,,
det0220,dep05,8mp_020620_11_06_21_949964,,2020-06-02T11:06:22+02:00,2020-06-02T11:06:22+02:00,media,animal,,Apis mellifera,1,,,,,,,,0.35625,0.139293,0.065625,0.051975,human,Pau Enric Serra Marin,,,,,,
det0221,dep05,8mp_020620_11_07_52_410475,,2020-06-02T11:07:52+02:00,2020-06-02T11:07:52+02:00,media,animal,,Apis mellifera,1,,,,,,,,0.505469,0.45842,0.053906,0.067568,human,Pau Enric Serra Marin,,,,,,
det0222,dep05,8mp_020620_11_07_52_410475,,2020-06-02T11:07:52+02:00,2020-06-02T11:07:52+02:00,media,animal,,Unidentified insect,1,,,,,,,,0.298438,0.334719,0.023438,0.04262,human,Pau Enric Serra Marin,,,,,,
det0223,dep05,8mp_020620_11_10_34_643357,,2020-06-02T11:10:34+02:00,2020-06-02T11:10:34+02:00,media,animal,,Unidentified insect,1,,,,,,,,0.323437,0.295218,0.025781,0.047817,human,Pau Enric Serra Marin,,,,,,
det0224,dep05,8mp_020620_11_10_34_643357,,2020-06-02T11:10:34+02:00,2020-06-02T11:10:34+02:00,media,animal,,Apis mellifera,1,,,,,,,,0.490625,0.279626,0.040625,0.040541,human,Pau Enric Serra Marin,,,,,,
det0225,dep05,8mp_020620_11_11_47_993493,,2020-06-02T11:11:48+02:00,2020-06-02T11:11:48+02:00,media,animal,,Apis mellifera,1,,,,,,,,0.313281,0.569647,0.053125,0.079002,human,Pau Enric Serra Marin,,,,,,
det0226,dep05,8mp_020620_11_11_47_993493,,2020-06-02T11:11:48+02:00,2020-06-02T11:11:48+02:00,media,animal,,Unidentified insect,1,,,,,,,,0.485938,0.186071,0.030469,0.033264,human,Pau Enric Serra Marin,,,,,,
det0227,dep05,8mp_020620_11_14_45_731166,,2020-06-02T11:14:45+02:00,2020-06-02T11:14:45+02:00,media,animal,,Apis mellifera,1,,,,,,,,0.504687,0.150728,0.041406,0.048857,human,Pau Enric Serra Marin,,,,,,
det0228,dep05,8mp_020620_11_14_45_731166,,2020-06-02T11:14:45+02:00,2020-06-02T11:14:45+02:00,media,animal,,Apis mellifera,1,,,,,,,,0.53125,0.356549,0.057031,0.065489,human,Pau Enric Serra Marin,,,,,,
det0229,dep05,8mp_020620_11_14_45_731166,,2020-06-02T11:14:45+02:00,2020-06-02T11:14:45+02:00,media,animal,,Apis mellifera,1,,,,,,,,0.464062,0.60395,0.060937,0.10395,human,Pau Enric Serra Marin,,,,,,
det0230,dep05,8mp_020620_11_14_45_731166,,2020-06-02T11:14:45+02:00,2020-06-02T11:14:45+02:00,media,animal,,Butterfly,1,,,,,,,,0.354687,0.008316,0.061719,0.079002,human,Pau Enric Serra Marin,,,,,,
det0231,dep05,8mp_020620_11_15_55_839814,,2020-06-02T11:15:56+02:00,2020-06-02T11:15:56+02:00,media,animal,,Apis mellifera,1,,,,,,,,0.335938,0.62474,0.051562,0.081081,human,Pau Enric Serra Marin,,,,,,
det0232,dep05,8mp_020620_11_15_55_839814,,2020-06-02T11:15:56+02:00,2020-06-02T11:15:56+02:00,media,animal,,Apis mellifera,1,,,,,,,,0.266406,0.597713,0.048438,0.043659,human,Pau Enric Serra Marin,,,,,,
det0233,dep05,8mp_020620_11_16_07_608479,,2020-06-02T11:16:07+02:00,2020-06-02T11:16:07+02:00,media,animal,,Apis mellifera,1,,,,,,,,0.421094,0.654886,0.082031,0.114345,human,Pau Enric Serra Marin,,,,,,
det0234,dep05,8mp_020620_11_16_12_363062,,2020-06-02T11:16:12+02:00,2020-06-02T11:16:12+02:00,media,animal,,Apis mellifera,1,,,,,,,,0.432031,0.517672,0.077344,0.091476,human,Pau Enric Serra Marin,,,,,,
det0235,dep05,8mp_020620_11_19_01_928105,,2020-06-02T11:19:02+02:00,2020-06-02T11:19:02+02:00,media,animal,,Apis mellifera,1,,,,,,,,0.598437,0.097713,0.060156,0.076923,human,Pau Enric Serra Marin,,,,,,
det0236,dep05,8mp_020620_11_21_23_274268,,2020-06-02T11:21:23+02:00,2020-06-02T11:21:23+02:00,media,animal,,Unidentified insect,1,,,,,,,,0.686719,0.693347,0.051562,0.080042,human,Pau Enric Serra Marin,,,,,,
det0237,dep05,8mp_020620_11_23_12_127961,,2020-06-02T11:23:12+02:00,2020-06-02T11:23:12+02:00,media,animal,,Apis mellifera,1,,,,,,,,0.642969,0.365904,0.051562,0.071726,human,Pau Enric Serra Marin,,,,,,
det0238,dep05,8mp_020620_11_23_12_127961,,2020-06-02T11:23:12+02:00,2020-06-02T11:23:12+02:00,media,animal,,Apis mellifera,1,,,,,,,,0.33125,0.594595,0.054688,0.046778,human,Pau Enric Serra Marin,,,,,,
det0239,dep05,8mp_020620_11_23_12_127961,,2020-06-02T11:23:12+02:00,2020-06-02T11:23:12+02:00,media,animal,,Apis mellifera,1,,,,,,,,0.280469,0.511435,0.060937,0.058212,human,Pau Enric Serra Marin,,,,,,
det0240,dep05,8mp_020620_11_23_12_127961,,2020-06-02T11:23:12+02:00,2020-06-02T11:23:12+02:00,media,animal,,Unidentified insect,1,,,,,,,,0.489844,0.193347,0.042188,0.039501,human,Pau Enric Serra Marin,,,,,,
det0241,dep05,8mp_020620_11_23_36_998189,,2020-06-02T11:23:37+02:00,2020-06-02T11:23:37+02:00,media,animal,,Apis mellifera,1,,,,,,,,0.682813,0.029106,0.053125,0.064449,human,Pau Enric Serra Marin,,,,,,
det0242,dep05,8mp_020620_11_23_36_998189,,2020-06-02T11:23:37+02:00,2020-06-02T11:23:37+02:00,media,animal,,Unidentified insect,1,,,,,,,,0.321094,0.268191,0.039062,0.038462,human,Pau Enric Serra Marin,,,,,,
det0243,dep05,8mp_020620_11_26_37_879412,,2020-06-02T11:26:38+02:00,2020-06-02T11:26:38+02:00,media,animal,,Apis mellifera,1,,,,,,,,0.548438,0.33264,0.059375,0.06341,human,Pau Enric Serra Marin,,,,,,
det0244,dep05,8mp_020620_11_26_37_879412,,2020-06-02T11:26:38+02:00,2020-06-02T11:26:38+02:00,media,animal,,Apis mellifera,1,,,,,,,,0.467969,0.265073,0.041406,0.047817,human,Pau Enric Serra Marin,,,,,,
det0245,dep05,8mp_020620_11_27_42_322057,,2020-06-02T11:27:42+02:00,2020-06-02T11:27:42+02:00,media,animal,,Unidentified insect,1,,,,,,,,0.64375,0.783784,0.04375,0.049896,human,Pau Enric Serra Marin,,,,,,
det0246,dep06,8mp_060520_11_17_31_713598,,2020-05-06T11:17:31+02:00,2020-05-06T11:17:31+02:00,media,animal,,Eucera,1,,,,,,,,0.4375,0.398958,0.080469,0.102083,human,Pau Enric Serra Marin,,,,,,
det0247,dep06,8mp_060520_11_47_10_956339,,2020-05-06T11:47:11+02:00,2020-05-06T11:47:11+02:00,media,animal,,bee,1,,,,,,,,0.369531,0.210417,0.055469,0.057292,human,Pau Enric Serra Marin,,,,,,
det0248,dep06,8mp_060520_11_47_17_624131,,2020-05-06T11:47:17+02:00,2020-05-06T11:47:17+02:00,media,animal,,bee,1,,,,,,,,0.3875,0.205208,0.042188,0.079167,human,Pau Enric Serra Marin,,,,,,
det0249,dep06,8mp_060520_11_47_19_314643,,2020-05-06T11:47:19+02:00,2020-05-06T11:47:19+02:00,media,animal,,bee,1,,,,,,,,0.382812,0.191667,0.044531,0.079167,human,Pau Enric Serra Marin,,,,,,
det0250,dep06,8mp_060520_11_48_14_792904,,2020-05-06T11:48:14+02:00,2020-05-06T11:48:14+02:00,media,animal,,Eucera,1,,,,,,,,0.464062,0.41875,0.064062,0.066667,human,Pau Enric Serra Marin,,,,,,
det0251,dep06,8mp_060520_11_48_16_528111,,2020-05-06T11:48:16+02:00,2020-05-06T11:48:16+02:00,media,animal,,Eucera,1,,,,,,,,0.453125,0.414583,0.069531,0.077083,human,Pau Enric Serra Marin,,,,,,
det0252,dep06,8mp_060520_12_21_18_352109,,2020-05-06T12:21:18+02:00,2020-05-06T12:21:18+02:00,media,animal,,bee,1,,,,,,,,0.438281,0.405208,0.032031,0.046875,human,Pau Enric Serra Marin,,,,,,
det0253,dep06,8mp_060520_12_21_19_157633,,2020-05-06T12:21:19+02:00,2020-05-06T12:21:19+02:00,media,animal,,Eucera,1,,,,,,,,0.429688,0.394792,0.045312,0.055208,human,Pau Enric Serra Marin,,,,,,
det0254,dep06,8mp_060520_12_21_20_626628,,2020-05-06T12:21:20+02:00,2020-05-06T12:21:20+02:00,media,animal,,Eucera,1,,,,,,,,0.404687,0.386458,0.0625,0.058333,human,Pau Enric Serra Marin,,,,,,
det0255,dep02,8mp_080520_11_30_03_815200,,2020-05-08T11:30:04+02:00,2020-05-08T11:30:04+02:00,media,animal,,Unidentified insect,1,,,,,,,,0.397656,0.717256,0.032031,0.043659,human,Pau Enric Serra Marin,,,,,,
det0256,dep07,8mp_080520_12_08_31_430508,,2020-05-08T12:08:31+02:00,2020-05-08T12:08:31+02:00,media,animal,,Eucera,1,,,,,,,,0.497656,0.778125,0.0625,0.075,human,Pau Enric Serra Marin,,,,,,
det0257,dep07,8mp_080520_13_27_35_530834,,2020-05-08T13:27:35+02:00,2020-05-08T13:27:35+02:00,media,animal,,Eucera,1,,,,,,,,0.503125,0.377083,0.0625,0.060417,human,Pau Enric Serra Marin,,,,,,
det0258,dep07,8mp_080520_13_27_38_775472,,2020-05-08T13:27:38+02:00,2020-05-08T13:27:38+02:00,media,animal,,Osmia,1,,,,,,,,0.405469,0.686458,0.069531,0.090625,human,Pau Enric Serra Marin,,,,,,
det0259,dep07,8mp_080520_13_28_09_893371,,2020-05-08T13:28:10+02:00,2020-05-08T13:28:10+02:00,media,animal,,Eucera,1,,,,,,,,0.409375,0.678125,0.076563,0.1,human,Pau Enric Serra Marin,,,,,,
det0260,dep08,8mp_110520_11_25_34_374324,,2020-05-11T11:25:34+02:00,2020-05-11T11:25:34+02:00,media,animal,,Eucera,1,,,,,,,,0.423438,0.709375,0.098437,0.085417,human,Pau Enric Serra Marin,,,,,,
det0261,dep08,8mp_110520_11_42_17_475867,,2020-05-11T11:42:17+02:00,2020-05-11T11:42:17+02:00,media,animal,,bee,1,,,,,,,,0.423438,0.705208,0.069531,0.086458,human,Pau Enric Serra Marin,,,,,,
det0262,dep03,8mp_110520_11_43_17_509464,,2020-05-11T11:43:17+02:00,2020-05-11T11:43:17+02:00,media,animal,,bee,1,,,,,,,,0.402344,0.862786,0.057813,0.051975,human,Pau Enric Serra Marin,,,,,,
det0263,dep03,8mp_110520_11_43_19_440401,,2020-05-11T11:43:19+02:00,2020-05-11T11:43:19+02:00,media,animal,,bee,1,,,,,,,,0.355469,0.857588,0.08125,0.072765,human,Pau Enric Serra Marin,,,,,,
det0264,dep03,8mp_110520_11_51_46_740143,,2020-05-11T11:51:46+02:00,2020-05-11T11:51:46+02:00,media,animal,,Wasp,1,,,,,,,,0.100781,0.282744,0.072656,0.06237,human,Pau Enric Serra Marin,,,,,,
det0265,dep03,8mp_110520_11_51_54_629240,,2020-05-11T11:51:54+02:00,2020-05-11T11:51:54+02:00,media,animal,,Unidentified insect,1,,,,,,,,0.077344,0.065489,0.047656,0.055094,human,Pau Enric Serra Marin,,,,,,
det0266,dep03,8mp_110520_11_51_57_912988,,2020-05-11T11:51:58+02:00,2020-05-11T11:51:58+02:00,media,animal,,Unidentified insect,1,,,,,,,,0.373437,0.2079,0.054688,0.060291,human,Pau Enric Serra Marin,,,,,,
det0267,dep03,8mp_110520_11_53_41_414114,,2020-05-11T11:53:41+02:00,2020-05-11T11:53:41+02:00,media,animal,,Wasp,1,,,,,,,,0.484375,0.283784,0.096875,0.074844,human,Pau Enric Serra Marin,,,,,,
det0268,dep03,8mp_110520_11_54_50_810366,,2020-05-11T11:54:51+02:00,2020-05-11T11:54:51+02:00,media,animal,,Wasp,1,,,,,,,,0.328125,0.185031,0.064844,0.089397,human,Pau Enric Serra Marin,,,,,,
det0269,dep03,8mp_110520_12_06_32_977711,,2020-05-11T12:06:33+02:00,2020-05-11T12:06:33+02:00,media,animal,,Unidentified insect,1,,,,,,,,0.152344,0.523909,0.057031,0.058212,human,Pau Enric Serra Marin,,,,,,
det0270,dep09,8mp_120520_11_51_37_345554,,2020-05-12T11:51:37+02:00,2020-05-12T11:51:37+02:00,media,animal,,Eucera,1,,,,,,,,0.478906,0.698958,0.094531,0.110417,human,Pau Enric Serra Marin,,,,,,
det0271,dep09,8mp_120520_11_56_37_601989,,2020-05-12T11:56:37+02:00,2020-05-12T11:56:37+02:00,media,animal,,Fly,1,,,,,,,,0.510938,0.694792,0.039062,0.058333,human,Pau Enric Serra Marin,,,,,,
det0272,dep04,8mp_120520_11_58_42_388052,,2020-05-12T11:58:42+02:00,2020-05-12T11:58:42+02:00,media,animal,,Unidentified insect,1,,,,,,,,0.424219,0.825364,0.020313,0.02183,human,Pau Enric Serra Marin,,,,,,
det0273,dep04,8mp_120520_11_58_44_152539,,2020-05-12T11:58:44+02:00,2020-05-12T11:58:44+02:00,media,animal,,Unidentified insect,1,,,,,,,,0.396094,0.829522,0.01875,0.027027,human,Pau Enric Serra Marin,,,,,,
det0274,dep04,8mp_120520_11_58_52_243180,,2020-05-12T11:58:52+02:00,2020-05-12T11:58:52+02:00,media,animal,,Unidentified insect,1,,,,,,,,0.336719,0.609148,0.025,0.025988,human,Pau Enric Serra Marin,,,,,,
det0275,dep04,8mp_120520_11_59_06_269897,,2020-05-12T11:59:06+02:00,2020-05-12T11:59:06+02:00,media,animal,,Unidentified insect,1,,,,,,,,0.360156,0.612266,0.01875,0.024948,human,Pau Enric Serra Marin,,,,,,
det0276,dep04,8mp_120520_11_59_07_960953,,2020-05-12T11:59:08+02:00,2020-05-12T11:59:08+02:00,media,animal,,Unidentified insect,1,,,,,,,,0.360156,0.614345,0.019531,0.015593,human,Pau Enric Serra Marin,,,,,,
det0277,dep04,8mp_120520_11_59_14_336721,,2020-05-12T11:59:14+02:00,2020-05-12T11:59:14+02:00,media,animal,,Unidentified insect,1,,,,,,,,0.335938,0.64657,0.019531,0.02183,human,Pau Enric Serra Marin,,,,,,
det0278,dep04,8mp_120520_11_59_30_670688,,2020-05-12T11:59:30+02:00,2020-05-12T11:59:30+02:00,media,animal,,Unidentified insect,1,,,,,,,,0.360156,0.673597,0.022656,0.022869,human,Pau Enric Serra Marin,,,,,,
det0279,dep04,8mp_120520_11_59_33_360215,,2020-05-12T11:59:33+02:00,2020-05-12T11:59:33+02:00,media,animal,,Unidentified insect,1,,,,,,,,0.357812,0.641372,0.019531,0.024948,human,Pau Enric Serra Marin,,,,,,
det0280,dep04,8mp_120520_11_59_36_577436,,2020-05-12T11:59:36+02:00,2020-05-12T11:59:36+02:00,media,animal,,Unidentified insect,1,,,,,,,,0.335938,0.635135,0.03125,0.02183,human,Pau Enric Serra Marin,,,,,,
det0281,dep04,8mp_120520_11_59_37_573894,,2020-05-12T11:59:37+02:00,2020-05-12T11:59:37+02:00,media,animal,,Unidentified insect,1,,,,,,,,0.316406,0.633056,0.032031,0.032225,human,Pau Enric Serra Marin,,,,,,
det0282,dep04,8mp_120520_11_59_55_768173,,2020-05-12T11:59:55+02:00,2020-05-12T11:59:55+02:00,media,animal,,bee,1,,,,,,,,0.377344,0.537422,0.0625,0.058212,human,Pau Enric Serra Marin,,,,,,
det0283,dep09,8mp_120520_12_09_44_419620,,2020-05-12T12:09:44+02:00,2020-05-12T12:09:44+02:00,media,animal,,Eucera,1,,,,,,,,0.375,0.069792,0.076563,0.083333,human,Pau Enric Serra Marin,,,,,,
det0284,dep04,8mp_120520_12_19_38_820805,,2020-05-12T12:19:39+02:00,2020-05-12T12:19:39+02:00,media,animal,,bee,1,,,,,,,,0.532031,0.551975,0.034375,0.038462,human,Pau Enric Serra Marin,,,,,,
det0285,dep09,8mp_120520_12_20_08_638787,,2020-05-12T12:20:08+02:00,2020-05-12T12:20:08+02:00,media,animal,,Eucera,1,,,,,,,,0.502344,0.704167,0.075,0.101042,human,Pau Enric Serra Marin,,,,,,
det0286,dep09,8mp_120520_12_34_05_733028,,2020-05-12T12:34:05+02:00,2020-05-12T12:34:05+02:00,media,animal,,Eucera,1,,,,,,,,0.508594,0.725,0.070312,0.084375,human,Pau Enric Serra Marin,,,,,,
det0287,dep09,8mp_120520_12_34_07_414197,,2020-05-12T12:34:07+02:00,2020-05-12T12:34:07+02:00,media,animal,,Eucera,1,,,,,,,,0.497656,0.728125,0.090625,0.09375,human,Pau Enric Serra Marin,,,,,,
det0288,dep09,8mp_120520_12_34_09_964651,,2020-05-12T12:34:10+02:00,2020-05-12T12:34:10+02:00,media,animal,,Eucera,1,,,,,,,,0.538281,0.7125,0.059375,0.095833,human,Pau Enric Serra Marin,,,,,,
det0289,dep04,8mp_120520_12_42_47_154208,,2020-05-12T12:42:47+02:00,2020-05-12T12:42:47+02:00,media,animal,,bee,1,,,,,,,,0.532031,0.548857,0.038281,0.038462,human,Pau Enric Serra Marin,,,,,,
det0290,dep09,8mp_120520_13_20_45_487883,,2020-05-12T13:20:45+02:00,2020-05-12T13:20:45+02:00,media,animal,,Eucera,1,,,,,,,,0.596094,0.713542,0.080469,0.103125,human,Pau Enric Serra Marin,,,,,,
det0291,dep04,8mp_120520_13_21_52_369183,,2020-05-12T13:21:52+02:00,2020-05-12T13:21:52+02:00,media,animal,,Wasp,1,,,,,,,,0.742969,0.705821,0.103125,0.117464,human,Pau Enric Serra Marin,,,,,,
det0292,dep09,8mp_120520_13_23_10_185792,,2020-05-12T13:23:10+02:00,2020-05-12T13:23:10+02:00,media,animal,,Eucera,1,,,,,,,,0.482031,0.698958,0.06875,0.132292,human,Pau Enric Serra Marin,,,,,,
det0293,dep04,8mp_120520_13_24_32_857456,,2020-05-12T13:24:33+02:00,2020-05-12T13:24:33+02:00,media,animal,,Eucera,1,,,,,,,,0.30625,0.664241,0.035937,0.038462,human,Pau Enric Serra Marin,,,,,,
det0294,dep04,8mp_120520_13_24_32_857456,,2020-05-12T13:24:33+02:00,2020-05-12T13:24:33+02:00,media,animal,,Unidentified insect,1,,,,,,,,0.628125,0.845114,0.032031,0.035343,human,Pau Enric Serra Marin,,,,,,
det0295,dep04,8mp_120520_13_25_38_485031,,2020-05-12T13:25:38+02:00,2020-05-12T13:25:38+02:00,media,animal,,Wasp,1,,,,,,,,0.207813,0.425156,0.067187,0.031185,human,Pau Enric Serra Marin,,,,,,
det0296,dep10,8mp_190520_11_15_29_812238,,2020-05-19T11:15:29+02:00,2020-05-19T11:15:29+02:00,media,animal,,Apis mellifera,1,,,,,,,,0.265625,0.502083,0.072656,0.098958,human,Pau Enric Serra Marin,,,,,,
det0297,dep10,8mp_190520_11_15_33_455249,,2020-05-19T11:15:33+02:00,2020-05-19T11:15:33+02:00,media,animal,,Apis mellifera,1,,,,,,,,0.236719,0.54375,0.120313,0.146875,human,Pau Enric Serra Marin,,,,,,
det0298,dep10,8mp_190520_11_16_30_359910,,2020-05-19T11:16:30+02:00,2020-05-19T11:16:30+02:00,media,animal,,Apis mellifera,1,,,,,,,,0.502344,0.328125,0.104688,0.123958,human,Pau Enric Serra Marin,,,,,,
det0299,dep10,8mp_190520_11_21_02_293760,,2020-05-19T11:21:02+02:00,2020-05-19T11:21:02+02:00,media,animal,,Fly,1,,,,,,,,0.621875,0.336458,0.052344,0.06875,human,Pau Enric Serra Marin,,,,,,
det0300,dep10,8mp_190520_11_21_03_656475,,2020-05-19T11:21:03+02:00,2020-05-19T11:21:03+02:00,media,animal,,Fly,1,,,,,,,,0.610156,0.361458,0.04375,0.055208,human,Pau Enric Serra Marin,,,,,,
det0301,dep10,8mp_190520_11_47_13_380963,,2020-05-19T11:47:13+02:00,2020-05-19T11:47:13+02:00,media,animal,,Apis mellifera,1,,,,,,,,0.427344,0.454167,0.071875,0.114583,human,Pau Enric Serra Marin,,,,,,
det0302,dep10,8mp_190520_11_47_19_036701,,2020-05-19T11:47:19+02:00,2020-05-19T11:47:19+02:00,media,animal,,Apis mellifera,1,,,,,,,,0.160938,0.527083,0.117188,0.064583,human,Pau Enric Serra Marin,,,,,,
det0303,dep11,8mp_200520_15_38_52_841467,,2020-05-20T15:38:53+02:00,2020-05-20T15:38:53+02:00,media,animal,,Apis mellifera,1,,,,,,,,0.395313,0.235417,0.139063,0.11875,human,Pau Enric Serra Marin,,,,,,
det0304,dep01,Image2020-02-13-12-51-09,,2020-02-13T12:51:09+01:00,2020-02-13T12:51:09+01:00,media,animal,,Bombus terrestris,1,,,,,,,,0.217188,0.688889,0.08125,0.138889,human,Pau Enric Serra Marin,,,,,,
det0305,dep01,Image2020-02-13-13-25-03,,2020-02-13T13:25:03+01:00,2020-02-13T13:25:03+01:00,media,animal,,Bombus terrestris,1,,,,,,,,0.415625,0.522222,0.079687,0.116667,human,Pau Enric Serra Marin,,,,,,
det0306,dep01,Image2020-02-13-13-25-14,,2020-02-13T13:25:14+01:00,2020-02-13T13:25:14+01:00,media,animal,,Bombus terrestris,1,,,,,,,,0.75,0.697222,0.08125,0.147222,human,Pau Enric Serra Marin,,,,,,
det0307,dep01,Image2020-02-13-13-26-58,,2020-02-13T13:26:58+01:00,2020-02-13T13:26:58+01:00,media,animal,,Bombus terrestris,1,,,,,,,,0.754687,0.041667,0.085938,0.116667,human,Pau Enric Serra Marin,,,,,,
det0308,dep01,Image2020-02-13-13-38-16,,2020-02-13T13:38:16+01:00,2020-02-13T13:38:16+01:00,media,animal,,Bombus terrestris,1,,,,,,,,0.609375,0.066667,0.098437,0.163889,human,Pau Enric Serra Marin,,,,,,
det0309,dep01,Image2020-02-13-13-49-03,,2020-02-13T13:49:03+01:00,2020-02-13T13:49:03+01:00,media,animal,,Bombus terrestris,1,,,,,,,,0.554688,0.627778,0.10625,0.2,human,Pau Enric Serra Marin,,,,,,
